,refID,PayAnnual,RoleMultichoice,Freelance,YearsDVExperience,EducLevel,Gender_,Loc1Country__cleaned
0,1,$40k - $60k,Academic,No,2.0,Masters,Other,United States
1,2,"Less than $20,000","Leadership (Manager, Director, VP, etc)",No,6.0,bachelor,Man,Tanzania
2,3,$120k - $140k,"Leadership (Manager, Director, VP, etc)",No,7.0,Masters,Man,United States
3,4,$100k - $120k,"Leadership (Manager, Director, VP, etc)",Yes,5.0,bachelor,Man,United States
4,6,$80k - $100k,Developer,Occasional,,Other,Man,United States
5,7,$100k - $120k,Analyst,Occasional,8.0,bachelor,Man,United States
6,8,$20k - $40k,"Leadership (Manager, Director, VP, etc)",Occasional,25.0,PhD,Man,Greece
7,9,$100k - $120k,Academic,Occasional,8.0,Masters,Man,United States
8,10,$140k - $160k,"Leadership (Manager, Director, VP, etc)",No,4.0,Other,Man,United States
10,12,$200k+,"Leadership (Manager, Director, VP, etc)",Occasional,15.0,Masters,Man,United States
11,13,$60k - $80k,Student,Occasional,3.0,PhD,Man,United States
12,14,$140k - $160k,Academic,No,5.0,PhD,Man,Australia
14,16,"Less than $20,000",Engineer,No,1.0,bachelor,Man,Vietnam
15,17,$120k - $140k,Engineer,No,11.0,bachelor,Man,United States
16,18,$60k - $80k,Designer,Occasional,0.0,Masters,Man,United States
17,19,$100k - $120k,Designer,Occasional,8.0,Masters,Man,United States
18,20,$60k - $80k,Designer,Occasional,15.0,bachelor,Man,United States
19,21,$20k - $40k,Scientist,Occasional,3.0,bachelor,Man,Vietnam
20,22,$20k - $40k,Scientist,No,4.0,Masters,Man,United States
21,23,$40k - $60k,Analyst,Yes,10.0,PhD,Man,Spain
22,24,$80k - $100k,Analyst,Occasional,5.0,Masters,Man,Canada
23,25,$100k - $120k,Academic,Occasional,10.0,Masters,Man,United States
24,26,$200k+,"Leadership (Manager, Director, VP, etc)",Yes,,Masters,Man,
25,27,$20k - $40k,Academic,Occasional,7.0,PhD,Man,United States
26,28,$80k - $100k,None of these describe my role,No,2.0,Masters,Man,United States
27,29,$40k - $60k,Analyst,No,2.0,bachelor,Man,United States
29,31,"Less than $20,000",Engineer,No,3.0,Masters,Man,El Salvador
30,32,$20k - $40k,Analyst,No,1.0,bachelor,Man,United Kingdom
31,33,$40k - $60k,Analyst,No,1.0,bachelor,Man,United States
32,34,$20k - $40k,Analyst,No,2.0,bachelor,Man,Chile
33,35,$40k - $60k,Analyst,No,3.0,Other,Man,Sweden
34,36,"Less than $20,000",Analyst,No,5.0,Other,Man,India
35,37,$80k - $100k,Analyst,No,4.0,Masters,Man,United States
36,38,$80k - $100k,Analyst,No,4.0,bachelor,Man,United States
37,39,$40k - $60k,Developer,No,5.0,bachelor,Man,United Kingdom
38,40,$200k+,Engineer,No,6.0,bachelor,Man,United States
39,41,$100k - $120k,"Leadership (Manager, Director, VP, etc)",No,2.0,Masters,Man,United States
40,42,$100k - $120k,Analyst,No,4.0,bachelor,Man,United States
41,43,$60k - $80k,Analyst,No,4.0,Masters,Man,United Kingdom
42,44,$40k - $60k,Developer,No,2.0,bachelor,Man,United Kingdom
43,45,$120k - $140k,Analyst,No,7.0,bachelor,Man,United States
44,46,$120k - $140k,"Leadership (Manager, Director, VP, etc)",No,10.0,Masters,Man,United States
45,47,$80k - $100k,Designer,No,10.0,bachelor,Man,United States
46,48,"Less than $20,000",Developer,No,1.0,bachelor,Man,Argentina
47,49,$20k - $40k,Scientist,No,,PhD,Man,Greece
48,50,$100k - $120k,"Leadership (Manager, Director, VP, etc)",No,6.0,bachelor,Man,United States
49,51,$100k - $120k,Academic,No,,PhD,Man,United States
50,52,$100k - $120k,Academic,No,8.0,PhD,Man,United States
51,53,$40k - $60k,Academic,No,2.0,PhD,Man,United States
52,54,$100k - $120k,Academic,No,15.0,PhD,Man,United States
53,55,$80k - $100k,Academic,No,5.0,PhD,Man,United States
54,56,$60k - $80k,Academic,No,6.0,PhD,Man,United States
55,57,$140k - $160k,Academic,No,,PhD,Man,
56,58,"Less than $20,000",Scientist,No,5.0,Masters,Man,Spain
57,59,$40k - $60k,"Leadership (Manager, Director, VP, etc)",No,3.0,Other,Man,United Kingdom
58,60,$100k - $120k,"Leadership (Manager, Director, VP, etc)",No,3.0,Masters,Man,United States
59,61,$200k+,"Leadership (Manager, Director, VP, etc)",No,1.0,bachelor,Man,United States
60,62,$60k - $80k,Analyst,No,1.0,Masters,Man,United States
61,63,$60k - $80k,Academic,No,3.0,Masters,Man,United States
62,64,$20k - $40k,Designer,No,0.5,Masters,Man,India
63,65,$100k - $120k,Academic,No,15.0,PhD,Man,United States
64,66,$120k - $140k,Academic,No,5.0,PhD,Man,Australia
65,67,$80k - $100k,Academic,No,10.0,PhD,Man,France
66,68,$100k - $120k,Academic,No,20.0,PhD,Man,United States
68,70,$120k - $140k,"Leadership (Manager, Director, VP, etc)",No,0.0,bachelor,Man,United States
69,71,$120k - $140k,Analyst,No,4.0,Masters,Man,Luxembourg
70,72,$80k - $100k,Engineer,No,,bachelor,Man,India
71,73,$60k - $80k,"Leadership (Manager, Director, VP, etc)",No,4.0,Masters,Man,India
72,74,$80k - $100k,Analyst,No,7.0,Other,Man,
73,75,$60k - $80k,Analyst,No,1.0,Masters,Man,Canada
74,76,$40k - $60k,Analyst,No,3.0,Other,Man,Germany
75,77,$60k - $80k,Developer,No,3.0,Masters,Man,United States
76,78,$100k - $120k,"Leadership (Manager, Director, VP, etc)",No,19.0,Other,Man,Germany
77,79,$180k - $200k,Analyst,No,12.0,bachelor,Man,Australia
78,80,"Less than $20,000",Student,No,2.0,PhD,Man,Italy
79,81,$120k - $140k,Engineer,No,10.0,Masters,Man,United States
80,82,$20k - $40k,Analyst,No,3.0,bachelor,Man,Peru
81,83,$60k - $80k,Analyst,No,3.0,Masters,Man,United States
82,84,$60k - $80k,Analyst,No,1.0,Masters,Man,United States
83,85,$40k - $60k,Analyst,No,3.0,Other,Man,United States
84,86,$60k - $80k,Analyst,No,1.0,Masters,Man,Japan
85,87,$20k - $40k,Analyst,No,3.0,Masters,Man,United Kingdom
86,88,$180k - $200k,Analyst,No,6.0,Masters,Man,United States
87,89,$20k - $40k,"Leadership (Manager, Director, VP, etc)",No,13.0,bachelor,Man,Mexico
88,90,$100k - $120k,Analyst,No,8.0,Other,Man,United States
89,91,$20k - $40k,Analyst,No,12.0,bachelor,Man,Brazil
90,92,$60k - $80k,Analyst,No,2.0,Other,Man,South Africa
91,93,$40k - $60k,Analyst,No,3.0,bachelor,Man,United States
92,94,$40k - $60k,Analyst,No,2.0,bachelor,Man,United States
93,95,$80k - $100k,Engineer,No,6.0,Masters,Man,Ireland
94,96,$100k - $120k,"Leadership (Manager, Director, VP, etc)",No,13.0,Masters,Man,India
95,97,$60k - $80k,Developer,No,10.0,Other,Man,United States
96,98,$40k - $60k,Analyst,No,1.0,bachelor,Man,United States
97,99,$40k - $60k,Analyst,No,0.5,bachelor,Man,United States
98,100,$60k - $80k,Analyst,No,0.5,Masters,Man,Germany
99,101,$120k - $140k,"Leadership (Manager, Director, VP, etc)",No,7.0,bachelor,Man,United States
100,102,$80k - $100k,Analyst,No,,bachelor,Man,United Kingdom
101,103,$40k - $60k,Designer,No,10.0,Other,Man,United Kingdom
102,104,$120k - $140k,"Leadership (Manager, Director, VP, etc)",No,4.0,Masters,Man,[Country unclear]
103,105,$80k - $100k,"Leadership (Manager, Director, VP, etc)",No,15.0,Other,Man,United Kingdom
104,106,$100k - $120k,"Leadership (Manager, Director, VP, etc)",No,5.0,PhD,Man,United States
105,107,$80k - $100k,"Leadership (Manager, Director, VP, etc)",No,3.0,Masters,Man,Brazil
106,108,$200k+,"Leadership (Manager, Director, VP, etc)",No,24.0,bachelor,Man,United States
107,109,$200k+,"Leadership (Manager, Director, VP, etc)",No,12.0,Masters,Man,United States
109,111,$80k - $100k,"Leadership (Manager, Director, VP, etc)",No,5.0,PhD,Man,United States
110,112,$20k - $40k,Analyst,No,1.0,bachelor,Man,India
111,113,$120k - $140k,"Leadership (Manager, Director, VP, etc)",No,10.0,Masters,Man,United States
112,114,$60k - $80k,"Leadership (Manager, Director, VP, etc)",No,6.0,bachelor,Man,United States
113,115,$100k - $120k,Scientist,No,12.0,PhD,Man,Belgium
114,116,$120k - $140k,Engineer,No,,PhD,Man,United States
115,117,"Less than $20,000",Analyst,No,1.0,bachelor,Man,India
116,118,$100k - $120k,Scientist,No,15.0,PhD,Man,United Kingdom
117,119,$180k - $200k,"Leadership (Manager, Director, VP, etc)",No,10.0,Masters,Man,United States
118,120,$40k - $60k,Analyst,No,6.0,bachelor,Man,United Kingdom
119,121,$80k - $100k,Designer,No,6.0,bachelor,Man,Brazil
120,122,$20k - $40k,Designer,No,7.0,bachelor,Man,Italy
121,123,$120k - $140k,"Leadership (Manager, Director, VP, etc)",No,5.0,bachelor,Man,China
122,124,$20k - $40k,Designer,No,6.0,Masters,Man,France
123,125,$200k+,"Leadership (Manager, Director, VP, etc)",No,17.0,bachelor,Man,United States
124,126,"Less than $20,000",Analyst,No,2.0,Masters,Man,Argentina
125,127,$60k - $80k,Analyst,No,3.0,Other,Man,United Kingdom
126,128,$100k - $120k,Analyst,No,3.0,Masters,Man,United Kingdom
127,129,$100k - $120k,Engineer,No,2.0,Masters,Man,United States
128,130,$60k - $80k,"Leadership (Manager, Director, VP, etc)",No,3.0,Masters,Man,United Kingdom
129,131,$40k - $60k,Analyst,No,2.0,bachelor,Man,United States
130,132,"Less than $20,000",Analyst,No,2.0,Other,Man,United Kingdom
131,133,$60k - $80k,Analyst,No,1.0,Masters,Man,United States
132,134,$140k - $160k,Analyst,No,7.0,Other,Man,United States
133,135,"Less than $20,000",Analyst,No,2.0,Other,Man,Mexico
134,136,$40k - $60k,Academic,No,2.0,bachelor,Man,United States
135,137,$60k - $80k,Analyst,No,2.0,bachelor,Man,United States
136,138,$20k - $40k,Analyst,No,2.0,bachelor,Man,Malaysia
137,139,$40k - $60k,Analyst,No,2.0,bachelor,Man,United States
138,140,$60k - $80k,Analyst,No,5.0,bachelor,Man,United States
139,141,$80k - $100k,Analyst,No,2.0,bachelor,Man,United States
140,142,$40k - $60k,Student,No,3.0,Masters,Man,Canada
141,143,$40k - $60k,Analyst,No,3.0,Masters,Man,Spain
142,144,$40k - $60k,Analyst,No,2.0,Other,Man,United Kingdom
143,145,$40k - $60k,Analyst,No,0.0,Masters,Man,India
144,146,$80k - $100k,Analyst,No,5.0,Masters,Man,United States
145,147,$40k - $60k,Analyst,No,0.0,Masters,Man,United States
146,148,$40k - $60k,Analyst,No,2.0,Other,Man,United States
147,149,$120k - $140k,Engineer,No,0.0,PhD,Man,United States
148,150,$100k - $120k,Engineer,No,10.0,bachelor,Man,Canada
149,151,$100k - $120k,Analyst,No,10.0,Masters,Man,United States
150,152,$60k - $80k,Analyst,No,4.0,bachelor,Man,United States
151,153,$60k - $80k,Analyst,No,10.0,bachelor,Man,New Zealand
152,154,$100k - $120k,Analyst,No,20.0,bachelor,Man,Canada
153,155,$40k - $60k,None of these describe my role,No,3.0,bachelor,Man,United States
154,156,$100k - $120k,Engineer,No,15.0,Masters,Man,United States
155,157,$100k - $120k,Scientist,No,10.0,PhD,Man,Brazil
156,158,$20k - $40k,Designer,No,4.0,bachelor,Man,Spain
157,159,$80k - $100k,None of these describe my role,No,14.0,PhD,Man,New Zealand
158,160,"Less than $20,000",Analyst,No,,Other,Man,Russia
159,161,$140k - $160k,Analyst,No,0.0,bachelor,Man,United States
160,162,$80k - $100k,Engineer,No,4.0,Masters,Man,United States
161,163,"Less than $20,000",Engineer,No,9.0,Masters,Man,Brazil
162,164,"Less than $20,000",Engineer,No,2.0,Masters,Man,Mexico
163,165,$60k - $80k,Analyst,No,5.0,bachelor,Man,Canada
164,166,"Less than $20,000",Designer,No,3.0,Masters,Man,Hungary
165,167,$40k - $60k,Analyst,No,4.0,Masters,Man,Sweden
166,168,$60k - $80k,None of these describe my role,No,4.0,Masters,Man,United States
167,169,"Less than $20,000",Analyst,No,1.0,bachelor,Man,Russia
168,170,$200k+,"Leadership (Manager, Director, VP, etc)",No,11.0,Masters,Man,United States
169,171,$60k - $80k,Developer,No,4.0,Masters,Man,Finland
170,172,$140k - $160k,"Leadership (Manager, Director, VP, etc)",No,2.0,Other,Man,United States
171,173,$20k - $40k,Scientist,No,5.0,PhD,Man,United States
172,174,$200k+,Developer,No,10.0,PhD,Man,United States
173,175,$60k - $80k,Analyst,No,3.0,Masters,Man,United Kingdom
174,176,$60k - $80k,Developer,No,15.0,Masters,Man,
175,177,$80k - $100k,Scientist,No,5.0,Masters,Man,United States
177,179,"Less than $20,000",Scientist,No,4.0,Masters,Man,Turkey
178,180,$80k - $100k,Scientist,No,4.0,PhD,Man,France
179,181,$40k - $60k,None of these describe my role,No,2.0,Masters,Man,United Kingdom
180,182,$40k - $60k,Scientist,No,7.0,Masters,Man,Canada
181,183,"Less than $20,000",Scientist,No,6.0,PhD,Man,Mexico
182,184,$80k - $100k,Scientist,No,1.0,PhD,Man,Denmark
183,185,$60k - $80k,Scientist,No,2.0,Masters,Man,United States
185,187,$100k - $120k,Scientist,No,5.0,PhD,Man,Mexico
186,188,$160k - $180k,Developer,No,5.0,Masters,Man,United States
187,189,$80k - $100k,"Leadership (Manager, Director, VP, etc)",No,4.0,PhD,Man,Canada
189,191,$60k - $80k,Scientist,No,3.0,Masters,Man,United Kingdom
190,192,$100k - $120k,Analyst,No,10.0,Masters,Man,United States
191,193,$20k - $40k,Engineer,No,2.0,Masters,Man,Netherlands
192,194,$200k+,Scientist,No,5.0,Masters,Man,United States
193,195,$100k - $120k,Scientist,No,,bachelor,Man,United States
194,196,$80k - $100k,Analyst,No,2.0,PhD,Man,United States
195,197,$40k - $60k,Engineer,No,3.0,Masters,Man,France
196,198,"Less than $20,000",Scientist,No,1.0,bachelor,Man,Mexico
197,199,$180k - $200k,Scientist,No,2.0,Masters,Man,United States
198,200,$20k - $40k,Scientist,No,3.0,Other,Man,Estonia
199,201,$120k - $140k,Designer,No,10.0,Other,Man,United States
200,202,"Less than $20,000",Scientist,No,3.0,bachelor,Man,India
201,203,$20k - $40k,Analyst,No,,Masters,Man,Russia
202,204,$20k - $40k,Engineer,No,2.0,Masters,Man,Mexico
203,205,$80k - $100k,Scientist,No,6.0,Masters,Man,United States
204,206,$160k - $180k,Scientist,No,6.0,bachelor,Man,United States
205,207,$20k - $40k,Analyst,No,,Masters,Man,
206,208,$160k - $180k,Analyst,No,9.0,PhD,Man,Switzerland
207,209,"Less than $20,000",Student,No,0.0,Other,Man,Brazil
208,210,$120k - $140k,None of these describe my role,No,13.0,bachelor,Man,United States
209,211,$40k - $60k,Analyst,No,5.0,bachelor,Man,United Kingdom
210,212,$40k - $60k,Developer,No,1.0,bachelor,Man,United Kingdom
211,213,$20k - $40k,Designer,No,1.0,Masters,Man,India
212,214,$40k - $60k,Developer,No,3.0,Masters,Man,France
213,215,$80k - $100k,None of these describe my role,No,,bachelor,Man,United Kingdom
214,216,$40k - $60k,Developer,No,1.0,Masters,Man,Ireland
215,217,$40k - $60k,Developer,No,2.0,Masters,Man,United Kingdom
216,218,"Less than $20,000",Analyst,No,5.0,bachelor,Man,India
217,219,$60k - $80k,Developer,No,6.0,Masters,Man,United States
218,220,$60k - $80k,Analyst,No,2.0,bachelor,Man,United States
219,221,$140k - $160k,Designer,No,12.0,Other,Man,United States
220,222,$20k - $40k,Designer,No,2.0,Masters,Man,Italy
221,223,$120k - $140k,Developer,No,1.0,Other,Man,United States
222,224,$140k - $160k,Engineer,No,7.0,PhD,Man,United States
223,225,$20k - $40k,Engineer,No,3.0,Masters,Man,Colombia
224,226,$20k - $40k,None of these describe my role,No,2.0,Masters,Man,Italy
225,227,$40k - $60k,Engineer,No,4.0,Masters,Man,France
226,228,$80k - $100k,Engineer,No,6.0,bachelor,Man,United States
227,229,$40k - $60k,Designer,No,10.0,bachelor,Man,United States
228,230,$60k - $80k,Scientist,No,,Masters,Man,United States
229,231,$60k - $80k,Developer,No,3.0,bachelor,Man,Canada
230,232,$40k - $60k,Scientist,No,7.0,Masters,Man,Netherlands
231,233,"Less than $20,000",Student,No,1.0,bachelor,Man,United States
232,234,$160k - $180k,None of these describe my role,No,8.0,bachelor,Man,United States
233,235,$80k - $100k,Analyst,No,3.0,bachelor,Man,United States
234,236,$80k - $100k,Designer,No,2.0,Masters,Man,United States
235,237,$120k - $140k,Engineer,No,6.0,bachelor,Man,United States
236,238,$20k - $40k,Developer,No,2.0,bachelor,Man,Hungary
237,239,$40k - $60k,Analyst,No,2.0,bachelor,Man,United States
238,240,$40k - $60k,Analyst,No,8.0,Masters,Man,United States
239,241,$140k - $160k,"Leadership (Manager, Director, VP, etc)",No,7.0,bachelor,Man,United States
240,242,$160k - $180k,"Leadership (Manager, Director, VP, etc)",No,12.0,Masters,Man,United States
241,243,$60k - $80k,Analyst,No,4.0,bachelor,Man,United States
242,244,$100k - $120k,"Leadership (Manager, Director, VP, etc)",No,0.0,Masters,Man,Kenya
243,245,$20k - $40k,"Leadership (Manager, Director, VP, etc)",No,20.0,Masters,Man,Tunisia
244,246,$40k - $60k,Designer,No,2.0,Masters,Man,Brazil
245,247,$40k - $60k,Designer,No,7.0,Masters,Man,Italy
246,248,$20k - $40k,Developer,No,1.0,Masters,Man,Belgium
247,249,$80k - $100k,Developer,No,10.0,Other,Man,
248,250,$40k - $60k,Developer,No,,Masters,Man,Germany
249,251,$120k - $140k,Analyst,No,6.0,Masters,Man,United States
250,252,$60k - $80k,None of these describe my role,No,2.0,bachelor,Man,United Kingdom
251,253,$20k - $40k,Designer,No,2.5,Masters,Man,India
252,254,$180k - $200k,"Leadership (Manager, Director, VP, etc)",No,20.0,PhD,Man,United States
253,255,$80k - $100k,"Leadership (Manager, Director, VP, etc)",No,10.0,PhD,Man,United States
254,256,$100k - $120k,"Leadership (Manager, Director, VP, etc)",No,8.0,Masters,Man,United States
255,257,$140k - $160k,"Leadership (Manager, Director, VP, etc)",No,5.0,Other,Man,United States
256,258,$200k+,"Leadership (Manager, Director, VP, etc)",No,5.0,Other,Man,United States
257,259,$120k - $140k,Designer,No,15.0,Masters,Man,United States
258,260,$100k - $120k,"Leadership (Manager, Director, VP, etc)",No,5.0,Masters,Man,United States
259,261,$100k - $120k,"Leadership (Manager, Director, VP, etc)",No,15.0,PhD,Man,United States
260,262,$200k+,Analyst,No,3.0,bachelor,Man,United States
261,263,$100k - $120k,Developer,No,2.0,PhD,Man,United States
262,264,$180k - $200k,Analyst,No,5.0,Masters,Man,United States
263,265,$120k - $140k,"Leadership (Manager, Director, VP, etc)",No,8.0,bachelor,Man,Canada
264,266,$120k - $140k,"Leadership (Manager, Director, VP, etc)",No,15.0,PhD,Man,United States
265,267,$120k - $140k,"Leadership (Manager, Director, VP, etc)",No,5.0,bachelor,Man,United States
266,268,"Less than $20,000",Student,No,1.0,bachelor,Man,United States
267,269,$140k - $160k,Scientist,No,25.0,PhD,Man,United States
268,270,$40k - $60k,Analyst,No,2.0,Masters,Man,United Kingdom
269,271,$40k - $60k,Analyst,No,1.0,Masters,Man,Canada
270,272,$180k - $200k,"Leadership (Manager, Director, VP, etc)",No,3.0,bachelor,Man,United States
271,273,$20k - $40k,Analyst,No,1.0,Masters,Man,Chile
272,274,$200k+,Engineer,No,30.0,bachelor,Man,United States
273,275,$80k - $100k,Analyst,No,2.0,Other,Man,United States
274,276,$20k - $40k,Student,No,0.5,bachelor,Man,United States
275,277,$80k - $100k,None of these describe my role,No,5.0,bachelor,Man,Netherlands
276,278,$100k - $120k,Analyst,No,4.0,Masters,Man,Japan
277,279,$40k - $60k,Analyst,No,8.0,PhD,Man,United States
278,280,$60k - $80k,Analyst,No,25.0,Masters,Man,United States
279,281,$40k - $60k,"Leadership (Manager, Director, VP, etc)",No,6.0,bachelor,Man,Kuwait
280,282,$60k - $80k,Analyst,No,2.0,bachelor,Man,Australia
281,283,$80k - $100k,Analyst,No,10.0,bachelor,Man,United States
282,284,$80k - $100k,Analyst,No,14.0,bachelor,Man,United States
283,285,"Less than $20,000",Scientist,No,2.0,bachelor,Man,Kenya
284,286,$80k - $100k,Analyst,No,2.0,Masters,Man,United States
285,287,$200k+,"Leadership (Manager, Director, VP, etc)",No,8.0,bachelor,Man,Australia
287,289,$60k - $80k,Developer,No,4.0,Masters,Man,United States
288,290,$80k - $100k,Developer,No,,bachelor,Man,United States
289,291,$60k - $80k,Developer,No,2.0,Masters,Man,Sweden
290,292,$20k - $40k,Developer,No,5.0,bachelor,Man,Italy
291,293,$80k - $100k,Engineer,No,2.0,Masters,Man,Netherlands
292,294,$60k - $80k,Developer,No,2.0,bachelor,Man,United States
293,295,$140k - $160k,Developer,No,5.0,Other,Man,United States
294,296,$60k - $80k,Developer,No,3.0,bachelor,Man,United States
295,297,$60k - $80k,Analyst,No,6.0,Masters,Man,United States
296,298,$60k - $80k,Academic,No,5.0,PhD,Man,United States
297,299,$100k - $120k,Scientist,No,10.0,Masters,Man,United States
298,300,$20k - $40k,Student,No,2.0,PhD,Man,Canada
299,301,$20k - $40k,Student,No,2.0,bachelor,Man,United States
300,302,$20k - $40k,Student,No,2.0,Masters,Man,United States
301,303,$20k - $40k,Academic,No,3.0,bachelor,Man,United States
302,304,$20k - $40k,Academic,No,5.0,Masters,Man,United States
303,305,$20k - $40k,Academic,No,2.0,Masters,Man,United States
304,306,$20k - $40k,Scientist,No,7.0,Masters,Man,United States
305,307,"Less than $20,000",Designer,No,1.0,bachelor,Man,Colombia
306,308,$60k - $80k,Designer,No,6.0,bachelor,Man,United Kingdom
308,310,$40k - $60k,None of these describe my role,No,3.0,Masters,Man,United States
309,311,$180k - $200k,Scientist,No,5.0,PhD,Man,United States
310,312,$100k - $120k,Analyst,No,3.0,bachelor,Man,United Kingdom
311,313,$120k - $140k,"Leadership (Manager, Director, VP, etc)",No,20.0,bachelor,Man,United Kingdom
312,314,$100k - $120k,"Leadership (Manager, Director, VP, etc)",No,5.0,PhD,Man,France
313,315,$160k - $180k,"Leadership (Manager, Director, VP, etc)",No,4.0,PhD,Man,France
314,316,$20k - $40k,"Leadership (Manager, Director, VP, etc)",No,15.0,bachelor,Man,Slovenia
315,317,$40k - $60k,Analyst,No,2.0,bachelor,Man,Mexico
316,318,$100k - $120k,Scientist,No,0.0,PhD,Man,France
317,319,$80k - $100k,Scientist,No,6.0,Masters,Man,United States
318,320,$40k - $60k,Analyst,No,1.0,Masters,Man,United Kingdom
319,321,$40k - $60k,Analyst,No,3.0,bachelor,Man,
320,322,$60k - $80k,Analyst,No,3.0,bachelor,Man,United States
321,323,$20k - $40k,Analyst,No,1.0,bachelor,Man,United Kingdom
322,324,$80k - $100k,"Leadership (Manager, Director, VP, etc)",No,5.0,bachelor,Man,United States
323,325,$60k - $80k,Designer,No,6.0,bachelor,Man,Canada
325,327,$40k - $60k,Engineer,No,0.0,Masters,Man,Spain
326,328,$80k - $100k,Analyst,No,1.0,bachelor,Man,United States
327,329,$60k - $80k,Analyst,No,2.0,Masters,Man,United States
328,330,$60k - $80k,"Leadership (Manager, Director, VP, etc)",No,2.0,bachelor,Man,United Kingdom
329,331,$80k - $100k,Developer,No,3.0,Masters,Man,Switzerland
330,332,$20k - $40k,Analyst,No,1.0,bachelor,Man,United States
331,333,$20k - $40k,"Leadership (Manager, Director, VP, etc)",No,4.0,bachelor,Man,Argentina
332,334,$80k - $100k,Developer,No,2.0,PhD,Man,United States
333,335,$20k - $40k,None of these describe my role,No,2.0,bachelor,Man,France
334,336,$60k - $80k,Analyst,No,4.0,Masters,Man,United States
335,337,"Less than $20,000",Analyst,No,2.0,bachelor,Man,Hungary
336,338,$60k - $80k,Analyst,No,2.0,bachelor,Man,Australia
337,339,"Less than $20,000",Analyst,No,1.5,Other,Man,Uganda
338,340,"Less than $20,000",Student,No,,PhD,Man,United States
339,341,$20k - $40k,Designer,No,3.0,Masters,Man,Canada
340,342,$40k - $60k,Analyst,No,3.0,Other,Man,United Kingdom
341,343,"Less than $20,000",Analyst,No,1.0,bachelor,Man,Dominican Republic
342,344,$80k - $100k,"Leadership (Manager, Director, VP, etc)",No,3.0,bachelor,Man,United States
343,345,$100k - $120k,Developer,No,10.0,Other,Man,United States
344,346,$100k - $120k,"Leadership (Manager, Director, VP, etc)",No,7.0,bachelor,Man,United States
345,347,$60k - $80k,Engineer,No,6.0,Masters,Man,
346,348,$80k - $100k,Developer,No,15.0,bachelor,Man,United States
347,349,$140k - $160k,Developer,No,4.0,bachelor,Man,United States
348,350,$20k - $40k,Engineer,No,2.0,bachelor,Man,Mexico
349,351,$200k+,Designer,No,,Masters,Man,
350,352,$120k - $140k,Scientist,No,5.0,bachelor,Man,United States
351,353,$60k - $80k,Academic,No,3.0,Masters,Man,Ireland
352,354,$60k - $80k,Academic,No,4.0,Masters,Man,United Kingdom
353,355,"Less than $20,000",Academic,No,1.0,PhD,Man,Indonesia
354,356,$40k - $60k,Scientist,No,15.0,PhD,Man,France
355,357,$40k - $60k,Academic,No,6.0,PhD,Man,United States
356,358,$80k - $100k,Analyst,No,7.0,Masters,Man,United States
357,359,$80k - $100k,Analyst,No,8.0,bachelor,Man,United States
358,360,$120k - $140k,"Leadership (Manager, Director, VP, etc)",No,2.0,Masters,Man,United States
359,361,$80k - $100k,Analyst,No,11.0,bachelor,Man,United States
360,362,$120k - $140k,"Leadership (Manager, Director, VP, etc)",No,5.0,bachelor,Man,United States
361,363,$100k - $120k,"Leadership (Manager, Director, VP, etc)",No,5.0,Masters,Man,United States
362,364,$140k - $160k,"Leadership (Manager, Director, VP, etc)",No,2.0,Masters,Man,United States
363,365,$60k - $80k,"Leadership (Manager, Director, VP, etc)",No,3.0,PhD,Man,Canada
364,366,$180k - $200k,"Leadership (Manager, Director, VP, etc)",No,10.0,Masters,Man,India
365,367,$80k - $100k,Analyst,No,10.0,Masters,Man,France
366,368,$40k - $60k,Analyst,No,3.0,Masters,Man,United Kingdom
367,369,$40k - $60k,Analyst,No,,Masters,Man,United States
368,370,$60k - $80k,Analyst,No,2.0,Other,Man,Germany
369,371,$40k - $60k,Analyst,No,1.0,bachelor,Man,United States
370,372,"Less than $20,000",Student,No,0.0,bachelor,Man,Brazil
371,373,$20k - $40k,Analyst,No,2.0,bachelor,Man,United Kingdom
372,374,$20k - $40k,Analyst,No,,bachelor,Man,Serbia
373,375,$20k - $40k,Analyst,No,2.0,bachelor,Man,Brazil
374,376,$40k - $60k,Analyst,No,5.0,Masters,Man,United Kingdom
375,377,$60k - $80k,Developer,No,3.0,Masters,Man,China
376,378,$200k+,"Leadership (Manager, Director, VP, etc)",No,1.5,Masters,Man,United States
377,379,"Less than $20,000",Scientist,No,4.0,Masters,Man,Hungary
378,380,$120k - $140k,Developer,No,10.0,bachelor,Man,United States
379,381,$60k - $80k,Designer,No,30.0,bachelor,Man,United States
380,382,$20k - $40k,Analyst,No,2.0,bachelor,Man,Indonesia
381,383,$120k - $140k,Engineer,No,,PhD,Man,United States
382,384,$20k - $40k,Academic,No,,PhD,Man,
383,385,$80k - $100k,Analyst,No,6.0,bachelor,Man,United States
384,386,$180k - $200k,"Leadership (Manager, Director, VP, etc)",No,8.0,Masters,Man,United States
385,387,$80k - $100k,Analyst,No,4.0,bachelor,Man,Brazil
386,388,$40k - $60k,Academic,No,3.0,Masters,Man,Switzerland
387,389,$20k - $40k,Academic,No,,Masters,Man,Belgium
388,390,$20k - $40k,Scientist,No,4.0,PhD,Man,United States
389,391,$20k - $40k,Academic,No,3.0,Masters,Man,
390,392,"Less than $20,000",Scientist,No,3.0,PhD,Man,Japan
391,393,"Less than $20,000",Student,No,,Masters,Man,
392,394,$20k - $40k,Academic,No,,Masters,Man,United States
393,395,$20k - $40k,Scientist,No,1.0,PhD,Man,United Kingdom
394,396,$20k - $40k,Scientist,No,3.0,bachelor,Man,Canada
395,397,$40k - $60k,Scientist,No,1.5,PhD,Man,Denmark
396,398,"Less than $20,000",Scientist,No,2.0,Masters,Man,Australia
397,399,$20k - $40k,Scientist,No,0.0,Masters,Man,Germany
398,400,$40k - $60k,Scientist,No,1.0,Masters,Man,Switzerland
399,401,$40k - $60k,Scientist,No,2.0,Masters,Man,Argentina
400,402,$40k - $60k,Scientist,No,5.0,Other,Man,Germany
401,403,$180k - $200k,"Leadership (Manager, Director, VP, etc)",No,6.0,Masters,Man,United States
402,404,$60k - $80k,Analyst,No,2.0,Masters,Man,Australia
403,405,$40k - $60k,Scientist,No,7.0,PhD,Man,Finland
404,406,$40k - $60k,Scientist,No,7.0,PhD,Man,United States
405,407,$20k - $40k,Scientist,No,6.0,PhD,Man,Belgium
406,408,$60k - $80k,Scientist,No,1.0,PhD,Man,Germany
407,409,$20k - $40k,Scientist,No,3.0,PhD,Man,
408,410,$20k - $40k,Scientist,No,6.0,PhD,Man,Finland
409,411,$180k - $200k,None of these describe my role,No,3.0,bachelor,Man,United Kingdom
410,412,$40k - $60k,"Leadership (Manager, Director, VP, etc)",No,10.0,Masters,Man,India
411,413,$40k - $60k,"Leadership (Manager, Director, VP, etc)",No,7.0,Masters,Man,India
412,414,$200k+,Engineer,No,5.0,Masters,Man,United States
413,415,$80k - $100k,Analyst,No,5.0,Other,Man,India
414,416,$180k - $200k,"Leadership (Manager, Director, VP, etc)",No,10.0,Other,Man,United States
415,417,$100k - $120k,Designer,No,8.0,bachelor,Man,United States
416,418,$200k+,Designer,No,18.0,PhD,Man,United States
417,419,$40k - $60k,Designer,No,5.0,Masters,Man,India
418,420,$200k+,Engineer,No,15.0,PhD,Man,United States
419,421,"Less than $20,000",Designer,No,1.0,bachelor,Man,India
420,422,$140k - $160k,Designer,No,5.0,bachelor,Man,United States
421,423,$100k - $120k,Engineer,No,3.0,Masters,Man,United States
422,424,$60k - $80k,"Leadership (Manager, Director, VP, etc)",No,,Masters,Man,Spain
423,425,$120k - $140k,"Leadership (Manager, Director, VP, etc)",No,20.0,bachelor,Man,United States
424,426,$20k - $40k,Academic,No,5.0,Masters,Man,Ecuador
425,427,$20k - $40k,Academic,No,1.0,Masters,Man,Costa Rica
426,428,$80k - $100k,Academic,No,8.0,PhD,Man,Canada
427,429,$60k - $80k,Academic,No,,PhD,Man,
428,430,$20k - $40k,Academic,No,,PhD,Man,
429,431,$60k - $80k,Academic,No,4.0,PhD,Man,India
430,432,$120k - $140k,Academic,No,,PhD,Man,Canada
431,433,$80k - $100k,Academic,No,30.0,PhD,Man,United States
432,434,$80k - $100k,Academic,No,10.0,PhD,Man,
433,435,$100k - $120k,Academic,No,20.0,PhD,Man,United States
434,436,$60k - $80k,Academic,No,5.0,PhD,Man,United Kingdom
435,437,$40k - $60k,Developer,No,5.0,bachelor,Man,United States
437,439,$60k - $80k,Scientist,No,4.0,PhD,Man,Luxembourg
438,440,$20k - $40k,Engineer,No,14.0,Masters,Man,Brazil
439,441,$60k - $80k,Engineer,No,10.0,bachelor,Man,Spain
440,442,"Less than $20,000",Student,No,2.0,bachelor,Man,Brazil
441,443,$80k - $100k,Engineer,No,3.0,Masters,Man,Spain
442,444,$100k - $120k,Designer,No,10.0,Masters,Man,United States
443,445,$40k - $60k,None of these describe my role,No,10.0,bachelor,Man,Sweden
444,446,$40k - $60k,Analyst,No,3.0,Masters,Man,United States
445,447,$40k - $60k,Analyst,No,,bachelor,Man,United Kingdom
446,448,$40k - $60k,Analyst,No,1.0,Masters,Man,United States
447,449,$20k - $40k,Analyst,No,2.0,bachelor,Man,United States
448,450,$40k - $60k,Analyst,No,1.0,bachelor,Man,United States
449,451,$40k - $60k,Scientist,No,1.0,PhD,Man,
450,452,$40k - $60k,Student,No,3.0,Masters,Man,United States
451,453,$40k - $60k,Analyst,No,0.5,bachelor,Man,United States
452,454,$40k - $60k,Scientist,No,10.0,Masters,Man,Germany
453,455,$40k - $60k,Scientist,No,3.0,PhD,Man,Belgium
454,456,$20k - $40k,Scientist,No,8.0,PhD,Man,United Kingdom
455,457,$80k - $100k,Developer,No,9.0,Masters,Man,United States
456,458,$60k - $80k,Analyst,No,5.0,Masters,Man,New Zealand
457,459,$60k - $80k,Academic,No,2.0,Masters,Man,Germany
458,460,$20k - $40k,Developer,No,2.0,Masters,Man,Spain
459,461,$80k - $100k,Engineer,No,7.0,Masters,Man,United States
460,462,$40k - $60k,Scientist,No,4.0,PhD,Man,Singapore
461,463,$20k - $40k,Academic,No,5.0,Masters,Man,Russia
462,464,$20k - $40k,Scientist,No,4.0,PhD,Man,United Kingdom
463,465,$80k - $100k,Scientist,No,19.0,Masters,Man,United States
464,466,$180k - $200k,Scientist,No,7.0,PhD,Man,United States
465,467,$140k - $160k,Academic,No,3.0,PhD,Man,United States
466,468,$100k - $120k,Scientist,No,3.0,PhD,Man,United States
467,469,$20k - $40k,Scientist,No,15.0,PhD,Man,Spain
468,470,$20k - $40k,Analyst,No,2.0,bachelor,Man,Mexico
469,471,$160k - $180k,Engineer,No,6.0,PhD,Man,United States
470,472,$80k - $100k,Scientist,No,3.0,Masters,Man,United States
471,473,$40k - $60k,Academic,No,2.0,PhD,Man,United States
472,474,$100k - $120k,Scientist,No,10.0,PhD,Man,Canada
474,476,$180k - $200k,Engineer,No,10.0,bachelor,Man,United States
475,477,$60k - $80k,Developer,No,4.0,bachelor,Man,United States
476,478,$140k - $160k,Engineer,No,5.0,Masters,Man,United States
477,479,$60k - $80k,Developer,No,5.0,Masters,Man,United States
478,480,$60k - $80k,Scientist,No,4.0,PhD,Man,Canada
479,481,$80k - $100k,Scientist,No,2.0,bachelor,Man,United Kingdom
480,482,$60k - $80k,Scientist,No,8.0,PhD,Man,Germany
481,483,$100k - $120k,Scientist,No,10.0,PhD,Man,Saudi Arabia
482,484,$60k - $80k,Analyst,No,1.0,PhD,Man,Norway
483,485,$40k - $60k,Analyst,No,4.0,Other,Man,United Kingdom
484,486,$80k - $100k,Analyst,No,0.0,Masters,Man,United States
485,487,$80k - $100k,Analyst,No,4.0,Masters,Man,United States
486,488,"Less than $20,000",Analyst,No,5.0,bachelor,Man,India
487,489,$120k - $140k,Analyst,No,1.0,bachelor,Man,United States
488,490,$100k - $120k,Analyst,No,4.0,bachelor,Man,United States
489,491,$60k - $80k,Analyst,No,4.0,bachelor,Man,Netherlands
490,492,$80k - $100k,Analyst,No,,Masters,Man,United States
491,493,$80k - $100k,Analyst,No,6.0,Masters,Man,Germany
492,494,$40k - $60k,Analyst,No,6.0,bachelor,Man,United Kingdom
493,495,$140k - $160k,Analyst,No,5.0,PhD,Man,United States
494,496,$200k+,Engineer,No,6.0,PhD,Man,United States
495,497,$80k - $100k,Analyst,No,3.0,PhD,Man,Canada
496,498,$20k - $40k,Scientist,No,3.0,Masters,Man,
497,499,$100k - $120k,Developer,No,4.0,bachelor,Man,United States
498,500,$40k - $60k,Developer,No,0.5,bachelor,Man,United Kingdom
499,501,$200k+,Engineer,No,4.0,bachelor,Man,
500,502,$200k+,Engineer,No,8.0,bachelor,Man,United States
501,503,$60k - $80k,Designer,No,6.0,bachelor,Man,United Kingdom
502,504,$60k - $80k,Designer,No,3.0,Masters,Man,United States
504,506,$80k - $100k,Designer,No,8.0,bachelor,Man,United States
505,507,$80k - $100k,Analyst,No,8.0,bachelor,Man,United States
506,508,$100k - $120k,"Leadership (Manager, Director, VP, etc)",No,5.0,bachelor,Man,United States
507,509,$80k - $100k,Designer,No,12.0,Masters,Man,United States
508,510,$40k - $60k,Analyst,No,5.0,Masters,Man,India
509,511,$120k - $140k,"Leadership (Manager, Director, VP, etc)",No,8.0,Other,Man,China
510,512,$80k - $100k,Analyst,No,4.0,Masters,Man,United States
511,513,$40k - $60k,Analyst,No,1.0,bachelor,Man,United Kingdom
512,514,$160k - $180k,Designer,No,8.0,bachelor,Man,United States
513,515,$120k - $140k,Analyst,No,4.0,PhD,Man,United States
514,516,$80k - $100k,Analyst,No,5.0,bachelor,Man,New Zealand
515,517,$40k - $60k,Scientist,No,0.0,PhD,Man,Italy
516,518,"Less than $20,000",Analyst,No,6.0,Other,Man,Uganda
517,519,$20k - $40k,Developer,No,5.0,Masters,Man,Poland
518,520,$120k - $140k,Developer,No,10.0,Masters,Man,United States
519,521,$100k - $120k,Engineer,No,12.0,bachelor,Man,Austria
520,522,$200k+,Engineer,No,3.0,Masters,Man,United States
521,523,$200k+,Engineer,No,10.0,Masters,Man,United States
522,524,$100k - $120k,Engineer,No,1.0,Other,Man,United States
523,525,$80k - $100k,Analyst,No,4.0,bachelor,Man,New Zealand
524,526,$100k - $120k,Analyst,No,3.0,bachelor,Man,United States
525,527,$60k - $80k,Engineer,No,10.0,Masters,Man,Germany
526,528,$80k - $100k,Engineer,No,3.0,Masters,Man,Austria
527,529,$100k - $120k,Developer,No,2.0,bachelor,Man,United States
528,530,$60k - $80k,Developer,No,0.5,Masters,Man,Germany
529,531,$40k - $60k,Analyst,No,5.0,Other,Man,United States
530,532,$40k - $60k,Analyst,No,6.0,Other,Man,United States
531,533,$80k - $100k,Analyst,No,6.5,bachelor,Man,Japan
532,534,$20k - $40k,Developer,No,1.0,Other,Man,United States
533,535,$60k - $80k,Developer,No,1.0,bachelor,Man,United States
534,536,$100k - $120k,Developer,No,2.0,bachelor,Man,Australia
535,537,$20k - $40k,Developer,No,2.0,Masters,Man,United Kingdom
536,538,"Less than $20,000",Engineer,No,0.0,Masters,Man,Argentina
537,539,$100k - $120k,Engineer,No,2.0,Masters,Man,United States
538,540,$120k - $140k,Developer,No,3.0,bachelor,Man,United States
539,541,$100k - $120k,Engineer,No,3.0,Masters,Man,United States
540,542,$200k+,Engineer,No,5.0,Masters,Man,United States
541,543,$120k - $140k,Engineer,No,2.0,bachelor,Man,United States
542,544,$100k - $120k,Developer,No,10.0,bachelor,Man,United States
543,545,$140k - $160k,Engineer,No,3.0,bachelor,Man,United States
544,546,$80k - $100k,Developer,No,3.0,Other,Man,United States
545,547,$120k - $140k,Engineer,No,4.0,Other,Man,United States
546,548,$140k - $160k,Developer,No,2.0,Masters,Man,United States
547,549,$120k - $140k,Engineer,No,3.0,bachelor,Man,
548,550,$100k - $120k,Engineer,No,,bachelor,Man,United States
549,551,$80k - $100k,Developer,No,5.0,Masters,Man,United States
550,552,$80k - $100k,Engineer,No,,bachelor,Man,United States
551,553,$120k - $140k,Engineer,No,2.0,bachelor,Man,United States
552,554,$60k - $80k,Engineer,No,3.0,Masters,Man,United States
553,555,$20k - $40k,Developer,No,10.0,Masters,Man,Italy
554,556,"Less than $20,000",Analyst,No,1.0,Masters,Man,India
555,557,$120k - $140k,Developer,No,15.0,Masters,Man,United States
556,558,$180k - $200k,Engineer,No,6.0,Masters,Man,United States
557,559,$20k - $40k,Developer,No,3.0,bachelor,Man,India
558,560,$80k - $100k,Analyst,No,5.0,Masters,Man,United States
559,561,$60k - $80k,Analyst,No,4.0,bachelor,Man,United States
560,562,$200k+,Engineer,No,3.0,Masters,Man,United States
561,563,$200k+,"Leadership (Manager, Director, VP, etc)",No,5.0,bachelor,Man,United States
562,564,$60k - $80k,Developer,No,11.0,Masters,Man,United States
563,565,$160k - $180k,Engineer,No,3.0,bachelor,Man,United States
564,566,$60k - $80k,Analyst,No,15.0,Masters,Man,Luxembourg
565,567,$100k - $120k,Academic,No,13.0,Masters,Man,Australia
566,568,"Less than $20,000",Student,No,1.0,Masters,Man,United States
567,569,"Less than $20,000",Student,No,2.0,Masters,Man,United Kingdom
568,570,"Less than $20,000",Student,No,2.5,bachelor,Man,Germany
569,571,"Less than $20,000",Student,No,3.0,Masters,Man,United States
570,572,"Less than $20,000",Student,No,,bachelor,Man,India
571,573,"Less than $20,000",Student,No,,bachelor,Man,India
572,574,$80k - $100k,Analyst,No,0.0,Masters,Man,United States
573,575,$80k - $100k,Scientist,No,0.0,Masters,Man,United States
574,576,$60k - $80k,Designer,No,0.0,bachelor,Man,Finland
575,577,$100k - $120k,Scientist,No,12.0,PhD,Man,United States
576,578,$140k - $160k,"Leadership (Manager, Director, VP, etc)",No,3.0,PhD,Man,United States
577,579,"Less than $20,000",Analyst,No,3.0,bachelor,Man,Mexico
578,580,$60k - $80k,Scientist,No,15.0,PhD,Man,Germany
579,581,$80k - $100k,Engineer,No,1.0,bachelor,Man,United States
580,582,$200k+,Engineer,No,30.0,Masters,Man,United States
581,583,$40k - $60k,Engineer,No,7.0,bachelor,Man,Costa Rica
582,584,$60k - $80k,"Leadership (Manager, Director, VP, etc)",No,7.0,Masters,Man,Spain
583,585,$80k - $100k,Academic,No,5.0,Masters,Man,Switzerland
584,586,$20k - $40k,Academic,No,2.0,Masters,Man,India
585,587,$100k - $120k,None of these describe my role,No,2.0,bachelor,Man,United Kingdom
586,588,$120k - $140k,Engineer,No,,bachelor,Man,Germany
587,589,$20k - $40k,Engineer,No,2.0,Masters,Man,Mexico
588,590,$20k - $40k,"Leadership (Manager, Director, VP, etc)",No,5.0,Masters,Man,Mexico
589,591,$40k - $60k,"Leadership (Manager, Director, VP, etc)",No,20.0,Other,Man,United States
590,592,$60k - $80k,Engineer,No,4.0,Masters,Man,United States
591,593,$120k - $140k,Developer,No,5.0,Other,Man,United States
592,594,$140k - $160k,Analyst,No,5.0,Masters,Man,United States
593,595,$40k - $60k,Designer,No,3.0,bachelor,Man,Netherlands
594,596,$140k - $160k,Engineer,No,3.0,Masters,Man,United States
595,597,$200k+,Engineer,No,6.0,bachelor,Man,United States
596,598,$200k+,Scientist,No,6.0,Masters,Man,United States
597,599,$100k - $120k,Designer,No,2.0,bachelor,Man,United States
598,600,$80k - $100k,None of these describe my role,No,5.0,Masters,Man,United States
600,602,$140k - $160k,"Leadership (Manager, Director, VP, etc)",No,8.0,bachelor,Man,Canada
601,603,$200k+,"Leadership (Manager, Director, VP, etc)",No,27.0,Masters,Man,United States
603,605,$120k - $140k,Developer,No,3.0,Masters,Man,United States
604,606,$80k - $100k,Developer,No,1.0,bachelor,Man,United States
605,607,$60k - $80k,Analyst,No,4.0,bachelor,Man,United States
606,608,$100k - $120k,Academic,No,8.0,Masters,Man,United States
607,609,$120k - $140k,Engineer,No,15.0,Masters,Man,United States
608,610,$100k - $120k,Academic,No,,PhD,Man,United States
609,611,$60k - $80k,"Leadership (Manager, Director, VP, etc)",No,10.0,Masters,Man,United States
610,612,$80k - $100k,"Leadership (Manager, Director, VP, etc)",No,14.0,Masters,Man,
611,613,$20k - $40k,Analyst,No,1.0,bachelor,Man,Colombia
612,614,$120k - $140k,"Leadership (Manager, Director, VP, etc)",No,10.0,bachelor,Man,United States
613,615,$200k+,"Leadership (Manager, Director, VP, etc)",No,13.0,bachelor,Man,United States
614,616,$80k - $100k,None of these describe my role,No,4.0,Masters,Man,United States
615,617,$80k - $100k,Analyst,No,,Masters,Man,Norway
616,618,$60k - $80k,Engineer,No,1.0,Masters,Man,United States
617,619,$40k - $60k,Scientist,No,12.0,PhD,Man,Canada
618,620,$60k - $80k,Analyst,No,9.0,Masters,Man,United Kingdom
619,621,$40k - $60k,Engineer,No,3.0,bachelor,Man,United Kingdom
620,622,$60k - $80k,Developer,No,2.0,Masters,Man,United Kingdom
621,623,$40k - $60k,Designer,No,6.0,Other,Man,France
622,624,$180k - $200k,Analyst,No,,bachelor,Man,United States
623,625,$40k - $60k,Analyst,No,1.0,Other,Man,
624,626,$80k - $100k,Analyst,No,7.0,PhD,Man,United States
625,627,"Less than $20,000",Academic,No,7.0,PhD,Man,India
626,628,$80k - $100k,Analyst,No,5.0,Masters,Man,United Kingdom
627,629,$100k - $120k,"Leadership (Manager, Director, VP, etc)",No,5.0,bachelor,Man,United States
628,630,$20k - $40k,Student,No,6.0,Masters,Man,United States
629,631,$100k - $120k,Engineer,No,0.0,bachelor,Man,United States
630,632,$40k - $60k,Designer,No,11.0,Masters,Man,United States
631,633,$60k - $80k,"Leadership (Manager, Director, VP, etc)",No,7.0,Masters,Man,Mexico
632,634,$120k - $140k,"Leadership (Manager, Director, VP, etc)",No,1.0,bachelor,Man,United States
633,635,$60k - $80k,Analyst,No,5.0,Masters,Man,Germany
634,636,$40k - $60k,"Leadership (Manager, Director, VP, etc)",No,30.0,bachelor,Man,United States
635,637,$60k - $80k,Analyst,No,5.0,bachelor,Man,United Kingdom
636,638,"Less than $20,000",Analyst,No,2.0,Masters,Man,India
637,639,$100k - $120k,Analyst,No,4.0,Masters,Man,United States
638,640,$60k - $80k,Analyst,No,10.0,bachelor,Man,United States
639,641,$80k - $100k,Analyst,No,3.0,bachelor,Man,United States
640,642,$60k - $80k,Analyst,No,1.0,bachelor,Man,United States
641,643,$60k - $80k,Analyst,No,2.0,Masters,Man,
642,644,$100k - $120k,Analyst,No,,Masters,Man,
643,645,"Less than $20,000",None of these describe my role,No,0.1,bachelor,Man,Mexico
644,646,$40k - $60k,Scientist,No,7.0,PhD,Man,United States
645,647,$140k - $160k,"Leadership (Manager, Director, VP, etc)",No,3.0,Masters,Man,United States
646,648,$120k - $140k,Analyst,No,,Masters,Man,
647,649,$60k - $80k,Academic,No,,Masters,Man,
648,650,$120k - $140k,"Leadership (Manager, Director, VP, etc)",No,6.0,Masters,Man,Norway
649,651,"Less than $20,000",Engineer,No,,bachelor,Man,India
650,652,"Less than $20,000",Academic,No,,PhD,Man,Japan
651,653,$120k - $140k,Engineer,No,2.0,PhD,Man,Germany
652,654,$80k - $100k,Scientist,No,10.0,PhD,Man,United States
653,655,$20k - $40k,Developer,No,,Masters,Man,
654,656,$20k - $40k,Developer,No,2.0,bachelor,Man,India
656,658,$160k - $180k,Developer,Occasional,6.0,bachelor,Man,United States
657,659,$80k - $100k,Academic,Occasional,11.0,PhD,Man,Colombia
658,660,$60k - $80k,Analyst,Occasional,5.0,Masters,Man,United States
659,661,$80k - $100k,Developer,No,6.0,bachelor,Man,Canada
660,662,"Less than $20,000",Scientist,No,,PhD,Man,
661,663,$40k - $60k,Academic,No,8.0,PhD,Man,Spain
662,664,"Less than $20,000",Academic,No,10.0,PhD,Man,Cuba
663,665,$60k - $80k,None of these describe my role,No,20.0,PhD,Man,United Kingdom
664,666,$40k - $60k,None of these describe my role,Occasional,1.0,Masters,Man,Brazil
665,667,$80k - $100k,Developer,Occasional,4.0,Masters,Man,United States
666,668,$100k - $120k,Designer,Occasional,25.0,bachelor,Man,United States
667,669,"Less than $20,000",Student,No,1.0,bachelor,Man,United States
668,670,$40k - $60k,Analyst,No,1.0,bachelor,Man,United States
669,671,$120k - $140k,"Leadership (Manager, Director, VP, etc)",No,6.0,Masters,Man,United States
670,672,$100k - $120k,Academic,Yes,7.0,Masters,Man,United States
671,673,$60k - $80k,Analyst,Yes,4.0,bachelor,Man,United States
672,674,$40k - $60k,Analyst,Yes,4.0,Masters,Man,United Kingdom
673,675,$100k - $120k,Engineer,Yes,2.0,bachelor,Man,United States
674,676,$40k - $60k,Designer,Yes,7.0,Masters,Man,Lebanon
675,677,$80k - $100k,"Leadership (Manager, Director, VP, etc)",Yes,5.0,PhD,Man,Canada
676,678,$40k - $60k,Analyst,Yes,2.0,Masters,Man,Germany
677,679,$120k - $140k,Developer,Yes,5.0,Masters,Man,United States
678,680,$100k - $120k,Analyst,Yes,3.0,bachelor,Man,New Zealand
679,681,$80k - $100k,Analyst,Yes,3.0,bachelor,Man,Canada
680,682,$60k - $80k,Engineer,Yes,1.5,Masters,Man,Germany
681,683,$200k+,Scientist,Yes,,Masters,Man,
682,684,$40k - $60k,"Leadership (Manager, Director, VP, etc)",Yes,8.0,Masters,Man,Colombia
683,685,$60k - $80k,Developer,Yes,7.0,Other,Man,Germany
684,686,$200k+,"Leadership (Manager, Director, VP, etc)",Yes,5.0,Masters,Man,Indonesia
685,687,$80k - $100k,None of these describe my role,Yes,14.0,Masters,Man,Spain
686,688,$20k - $40k,Designer,Yes,3.0,Masters,Man,Germany
687,689,$120k - $140k,None of these describe my role,Yes,4.0,bachelor,Man,United Kingdom
688,690,$100k - $120k,Analyst,Yes,2.0,Masters,Man,Australia
689,691,$40k - $60k,Analyst,Yes,3.0,Masters,Man,Portugal
690,692,$80k - $100k,Analyst,Yes,1.0,Other,Man,Canada
691,693,$40k - $60k,Analyst,Yes,3.0,PhD,Man,United Kingdom
692,694,$140k - $160k,Designer,Yes,0.0,Masters,Man,United States
694,696,$100k - $120k,Developer,Yes,5.0,bachelor,Man,United States
695,697,$180k - $200k,"Leadership (Manager, Director, VP, etc)",Yes,15.0,Masters,Man,United States
696,698,$80k - $100k,Engineer,Yes,0.0,Masters,Man,South Africa
697,699,$40k - $60k,Developer,Yes,2.0,Masters,Man,Sweden
698,700,$60k - $80k,Engineer,Yes,7.0,bachelor,Man,Canada
699,701,$20k - $40k,Designer,Yes,8.0,PhD,Man,Turkey
700,702,$120k - $140k,"Leadership (Manager, Director, VP, etc)",Yes,5.0,bachelor,Man,United States
701,703,$200k+,Scientist,Yes,30.0,PhD,Man,United States
702,704,"Less than $20,000",Analyst,Yes,4.0,bachelor,Man,Mexico
703,705,$60k - $80k,Analyst,Yes,3.0,bachelor,Man,United States
704,706,$40k - $60k,Analyst,Yes,40.0,Masters,Man,United States
705,707,$60k - $80k,Analyst,Yes,3.0,bachelor,Man,United States
706,708,$40k - $60k,Analyst,Yes,,Masters,Man,France
707,709,$60k - $80k,Analyst,Yes,3.0,Masters,Man,Spain
708,710,"Less than $20,000",Analyst,Yes,2.0,Masters,Man,Argentina
709,711,$60k - $80k,Academic,Yes,5.0,Masters,Man,United States
710,712,$80k - $100k,Developer,Yes,2.0,PhD,Man,United States
711,713,$100k - $120k,Developer,Yes,1.0,bachelor,Man,United States
712,714,$80k - $100k,Engineer,Yes,13.0,Masters,Man,Croatia
713,715,$20k - $40k,None of these describe my role,Yes,4.0,Masters,Man,Malaysia
714,716,$120k - $140k,Analyst,Yes,4.0,bachelor,Man,Canada
715,717,$40k - $60k,Analyst,Yes,3.0,Masters,Man,Finland
716,718,$60k - $80k,"Leadership (Manager, Director, VP, etc)",Yes,1.0,bachelor,Man,Brazil
717,719,$20k - $40k,Analyst,Yes,4.0,Masters,Man,Mexico
718,720,$20k - $40k,Scientist,Yes,3.0,PhD,Man,United Kingdom
719,721,$120k - $140k,Engineer,Yes,4.0,bachelor,Man,
720,722,$80k - $100k,Analyst,Yes,,Masters,Man,United Kingdom
722,724,$80k - $100k,None of these describe my role,Yes,5.0,Masters,Man,Belgium
723,725,$40k - $60k,Developer,Yes,8.0,bachelor,Man,United Kingdom
724,726,$60k - $80k,Analyst,Yes,3.0,Masters,Man,United Kingdom
725,727,$100k - $120k,Analyst,Yes,7.0,bachelor,Man,United Kingdom
726,728,$120k - $140k,Designer,Yes,5.0,bachelor,Man,United States
727,729,"Less than $20,000",Designer,Yes,6.0,Masters,Man,Belarus
728,730,$80k - $100k,Designer,Yes,5.0,bachelor,Man,United States
729,731,$20k - $40k,Designer,Yes,4.0,Masters,Man,Colombia
730,732,$40k - $60k,Developer,Yes,3.0,Masters,Man,Georgia
731,733,$100k - $120k,Designer,Yes,4.0,Masters,Man,Germany
732,734,$20k - $40k,Developer,Yes,1.0,Masters,Man,Netherlands
733,735,$20k - $40k,Developer,Yes,1.0,PhD,Man,France
734,736,$200k+,Designer,Yes,14.0,Masters,Man,
735,737,$60k - $80k,Designer,Yes,8.0,bachelor,Man,Chile
736,738,"Less than $20,000",Designer,Yes,2.5,bachelor,Man,Colombia
737,739,$40k - $60k,Analyst,Yes,14.0,Masters,Man,Belarus
738,740,$20k - $40k,Academic,Yes,2.0,bachelor,Man,Mexico
739,741,$80k - $100k,Analyst,Yes,5.0,Masters,Man,United States
740,742,$60k - $80k,Developer,Yes,8.0,Masters,Man,Mexico
741,743,$20k - $40k,Designer,Yes,6.0,Other,Man,United Kingdom
742,744,$60k - $80k,Designer,Yes,15.0,bachelor,Man,Netherlands
743,745,$20k - $40k,Developer,Yes,5.0,Masters,Man,Spain
744,746,$60k - $80k,Analyst,Yes,5.0,Masters,Man,Canada
745,747,$80k - $100k,Analyst,Yes,10.0,bachelor,Man,United States
746,748,"Less than $20,000","Leadership (Manager, Director, VP, etc)",Yes,3.0,Masters,Man,India
747,749,$60k - $80k,Scientist,Yes,5.0,Masters,Man,United States
748,750,$100k - $120k,"Leadership (Manager, Director, VP, etc)",Yes,6.0,Masters,Man,United States
749,751,$200k+,"Leadership (Manager, Director, VP, etc)",Yes,3.0,bachelor,Man,United States
750,752,$20k - $40k,Designer,Yes,6.0,PhD,Man,Belgium
751,753,$120k - $140k,Developer,Yes,4.0,bachelor,Man,United States
752,754,$80k - $100k,Analyst,Yes,20.0,PhD,Man,Bermuda
753,755,"Less than $20,000",Designer,Yes,1.0,Other,Man,Colombia
754,756,$60k - $80k,Analyst,Yes,1.5,Masters,Man,Australia
755,757,$80k - $100k,None of these describe my role,Yes,7.0,bachelor,Man,Canada
756,758,$20k - $40k,"Leadership (Manager, Director, VP, etc)",Yes,17.0,Masters,Man,Kenya
757,759,$40k - $60k,Developer,Yes,2.0,Masters,Man,Poland
758,760,"Less than $20,000",Designer,Yes,1.0,bachelor,Man,Canada
759,761,"Less than $20,000",Designer,Yes,5.0,Masters,Man,Romania
760,762,$20k - $40k,Designer,Yes,15.0,PhD,Man,Denmark
761,763,$40k - $60k,Designer,Yes,10.0,bachelor,Man,Finland
762,764,$20k - $40k,Designer,Yes,7.0,Masters,Man,Turkey
763,765,$200k+,Designer,Yes,6.5,Masters,Man,Canada
764,766,$40k - $60k,Analyst,Yes,1.0,Masters,Man,United States
765,767,$20k - $40k,Academic,Yes,3.0,Masters,Man,United States
766,768,$120k - $140k,Designer,Yes,8.0,Masters,Man,United States
767,769,$80k - $100k,Designer,Yes,5.0,PhD,Man,Norway
768,770,$80k - $100k,Analyst,Yes,3.0,bachelor,Man,United States
769,771,"Less than $20,000",Engineer,Yes,2.0,Masters,Man,Portugal
770,772,$140k - $160k,"Leadership (Manager, Director, VP, etc)",Yes,1.0,Masters,Man,United States
771,773,$100k - $120k,Analyst,Yes,5.0,bachelor,Man,United States
772,774,$40k - $60k,Engineer,Yes,3.0,Masters,Man,France
773,775,$160k - $180k,Developer,Yes,1.0,bachelor,Man,United Kingdom
774,776,$100k - $120k,"Leadership (Manager, Director, VP, etc)",Yes,7.0,bachelor,Man,Canada
775,777,$120k - $140k,Analyst,Yes,4.0,bachelor,Man,United States
776,778,$200k+,Designer,Yes,5.0,bachelor,Man,United States
777,779,$60k - $80k,None of these describe my role,Yes,4.0,bachelor,Man,United Kingdom
778,780,$80k - $100k,Developer,Yes,3.0,Masters,Man,United States
779,781,$40k - $60k,Developer,Yes,3.0,bachelor,Man,South Africa
780,782,$60k - $80k,None of these describe my role,Yes,6.0,PhD,Man,Canada
781,783,"Less than $20,000",Student,Yes,1.0,bachelor,Man,India
782,784,"Less than $20,000",Analyst,Yes,2.0,bachelor,Man,Uruguay
783,785,$100k - $120k,"Leadership (Manager, Director, VP, etc)",Yes,10.0,Masters,Man,Canada
784,786,$120k - $140k,"Leadership (Manager, Director, VP, etc)",Yes,12.0,PhD,Man,United States
785,787,$20k - $40k,Academic,Yes,,PhD,Man,
786,788,$140k - $160k,Designer,Yes,15.0,bachelor,Man,United States
787,789,$120k - $140k,None of these describe my role,Yes,,Masters,Man,United States
788,790,$200k+,"Leadership (Manager, Director, VP, etc)",Yes,10.0,bachelor,Man,United States
789,791,$200k+,"Leadership (Manager, Director, VP, etc)",Yes,13.0,Masters,Man,United States
790,792,$200k+,None of these describe my role,Yes,13.0,Masters,Man,United States
791,793,$140k - $160k,"Leadership (Manager, Director, VP, etc)",Yes,20.0,Other,Man,Australia
793,795,$120k - $140k,Scientist,Yes,12.0,PhD,Man,United Kingdom
794,796,$200k+,Designer,Yes,20.0,PhD,Man,United States
795,797,$80k - $100k,Academic,Yes,10.0,PhD,Man,United States
796,798,$120k - $140k,Academic,Yes,,PhD,Man,United States
797,799,"Less than $20,000",Academic,Yes,2.0,bachelor,Man,Brazil
798,800,$60k - $80k,Academic,Yes,4.0,bachelor,Man,United States
799,801,$80k - $100k,Scientist,Yes,12.0,PhD,Man,India
800,802,$40k - $60k,Academic,Yes,7.0,Masters,Man,United Kingdom
801,803,"Less than $20,000",Analyst,Yes,3.0,bachelor,Man,Nigeria
802,804,"Less than $20,000",Academic,Yes,4.0,PhD,Man,Spain
803,805,$20k - $40k,Engineer,Yes,4.0,Masters,Man,Colombia
804,806,$60k - $80k,Scientist,Yes,15.0,PhD,Man,Spain
805,807,$20k - $40k,None of these describe my role,Yes,6.0,Masters,Man,Colombia
806,808,"Less than $20,000",Analyst,Yes,1.0,Masters,Man,Argentina
807,809,$60k - $80k,Analyst,Yes,10.0,bachelor,Man,Saudi Arabia
808,810,$100k - $120k,"Leadership (Manager, Director, VP, etc)",Yes,20.0,Masters,Man,United States
809,811,$100k - $120k,Developer,Yes,3.0,bachelor,Man,United States
810,812,$140k - $160k,Analyst,Yes,6.0,bachelor,Man,United States
811,813,$100k - $120k,Analyst,Yes,7.0,Masters,Man,United States
812,814,$20k - $40k,Analyst,Yes,2.0,Other,Man,
813,815,$60k - $80k,Analyst,Yes,6.0,Masters,Man,
814,816,$200k+,Developer,Yes,7.0,bachelor,Man,United States
815,817,$200k+,Designer,Yes,7.0,bachelor,Man,United States
816,818,$80k - $100k,Analyst,Yes,15.0,Other,Man,United States
817,819,$60k - $80k,Designer,Yes,1.0,Masters,Man,United Kingdom
818,820,$200k+,Analyst,Yes,1.0,bachelor,Man,United States
819,821,$140k - $160k,Designer,Yes,4.0,Masters,Man,Switzerland
820,822,$60k - $80k,Designer,Yes,8.0,Other,Man,United States
821,823,$40k - $60k,Analyst,Yes,2.0,Masters,Man,United Kingdom
822,824,"Less than $20,000",Developer,Yes,3.0,Other,Man,Kenya
823,825,$20k - $40k,Engineer,Yes,5.0,Masters,Man,United States
824,826,$60k - $80k,Analyst,Yes,20.0,Masters,Man,Panama
825,827,$100k - $120k,Developer,Yes,4.0,Masters,Man,United States
826,828,$80k - $100k,"Leadership (Manager, Director, VP, etc)",Yes,3.0,PhD,Man,Brazil
827,829,$160k - $180k,Developer,Yes,5.0,bachelor,Man,United Kingdom
828,830,$40k - $60k,Developer,Yes,5.0,bachelor,Man,India
829,831,$200k+,Scientist,Yes,7.5,PhD,Man,Germany
830,832,"Less than $20,000",Designer,Yes,4.0,Masters,Man,Italy
831,833,$120k - $140k,Analyst,Yes,5.0,Masters,Man,Israel
833,835,$180k - $200k,"Leadership (Manager, Director, VP, etc)",Yes,15.0,Masters,Man,United States
834,836,$20k - $40k,Designer,Yes,10.0,PhD,Man,Spain
835,837,$80k - $100k,Scientist,Yes,,Masters,Man,United States
836,838,$60k - $80k,Analyst,Yes,10.0,Other,Man,United States
837,839,$60k - $80k,None of these describe my role,Yes,4.0,Masters,Man,France
838,840,$200k+,"Leadership (Manager, Director, VP, etc)",Yes,5.0,Masters,Man,United States
839,841,$180k - $200k,Developer,Yes,25.0,PhD,Man,Australia
840,842,$20k - $40k,"Leadership (Manager, Director, VP, etc)",Yes,,Other,Man,Spain
841,843,$80k - $100k,Developer,Yes,10.0,Masters,Man,United Kingdom
843,845,$100k - $120k,Designer,Yes,2.0,Masters,Man,United Kingdom
844,846,"Less than $20,000",Academic,Yes,9.0,Masters,Man,Nigeria
845,847,$100k - $120k,Analyst,Yes,3.0,bachelor,Man,United Kingdom
846,848,$60k - $80k,Analyst,Yes,5.0,bachelor,Man,Netherlands
847,849,$40k - $60k,"Leadership (Manager, Director, VP, etc)",Yes,10.0,PhD,Man,China
849,851,$200k+,Analyst,Yes,2.0,Masters,Man,Tanzania
850,852,$80k - $100k,Engineer,Occasional,4.0,bachelor,Man,United States
852,854,$20k - $40k,Academic,Unclear,3.0,PhD,Man,Spain
853,855,$180k - $200k,"Leadership (Manager, Director, VP, etc)",Unclear,10.0,PhD,Man,Mexico
854,856,$200k+,None of these describe my role,Unclear,25.0,Masters,Man,United States
855,857,$60k - $80k,None of these describe my role,Unclear,3.0,Masters,Man,Sweden
856,858,$140k - $160k,Designer,Unclear,2.0,bachelor,Man,United States
857,859,$80k - $100k,Developer,Unclear,10.0,Masters,Man,United States
858,860,$80k - $100k,Developer,Unclear,4.0,Other,Man,
859,861,$160k - $180k,Engineer,No,20.0,Other,Other,United States
860,862,$40k - $60k,Scientist,No,10.0,PhD,Other,Finland
861,863,$40k - $60k,None of these describe my role,Occasional,10.0,Masters,Other,Canada
862,864,$60k - $80k,Analyst,Yes,3.0,bachelor,Other,United States
863,865,$100k - $120k,Analyst,Yes,5.0,bachelor,Other,United States
864,866,$40k - $60k,Analyst,No,9.0,Masters,Other,United Kingdom
865,867,$60k - $80k,Scientist,No,4.0,PhD,Other,Germany
866,868,$200k+,"Leadership (Manager, Director, VP, etc)",No,8.0,bachelor,Other,United States
867,869,$60k - $80k,Analyst,No,5.0,Masters,Other,France
868,870,$60k - $80k,"Leadership (Manager, Director, VP, etc)",No,3.0,Masters,Other,United States
869,871,$80k - $100k,"Leadership (Manager, Director, VP, etc)",No,5.0,Masters,Other,Singapore
870,872,$140k - $160k,Scientist,No,25.0,PhD,Other,
871,873,$120k - $140k,Analyst,No,10.0,Masters,Other,
872,874,$200k+,Academic,No,10.0,PhD,Other,Canada
873,875,$180k - $200k,Developer,No,20.0,Masters,Other,United States
874,876,$80k - $100k,Developer,No,,bachelor,Other,
875,877,$140k - $160k,Engineer,No,4.0,bachelor,Other,United States
876,878,$180k - $200k,"Leadership (Manager, Director, VP, etc)",No,5.0,bachelor,Other,United States
877,879,$40k - $60k,None of these describe my role,No,3.0,Masters,Other,United Kingdom
878,880,$20k - $40k,"Leadership (Manager, Director, VP, etc)",No,4.0,bachelor,Other,India
882,884,$120k - $140k,Developer,Yes,,bachelor,Other,
883,885,"Less than $20,000",Developer,Yes,2.0,Masters,Other,Taiwan
884,886,$20k - $40k,None of these describe my role,Yes,10.0,bachelor,Other,Canada
885,887,$200k+,"Leadership (Manager, Director, VP, etc)",Yes,2.0,bachelor,Other,United Kingdom
886,888,$120k - $140k,"Leadership (Manager, Director, VP, etc)",Yes,20.0,PhD,Other,Canada
887,889,$200k+,"Leadership (Manager, Director, VP, etc)",Yes,35.0,Masters,Other,United States
888,890,$60k - $80k,None of these describe my role,Yes,5.0,PhD,Other,
889,891,$40k - $60k,Engineer,Unclear,5.0,Masters,Other,United Kingdom
891,893,$120k - $140k,Developer,No,1.0,bachelor,Other,United States
892,894,$200k+,"Leadership (Manager, Director, VP, etc)",No,20.0,PhD,Other,United States
893,895,$60k - $80k,Analyst,Occasional,7.0,PhD,Woman,United States
894,896,$60k - $80k,Academic,No,7.0,PhD,Woman,United States
895,897,$60k - $80k,Designer,Occasional,1.0,bachelor,Woman,United States
896,898,$100k - $120k,Designer,Occasional,6.0,Masters,Woman,United States
897,899,$60k - $80k,Designer,Occasional,2.0,Masters,Woman,United States
898,900,$40k - $60k,Analyst,Yes,1.0,bachelor,Woman,United States
899,901,$120k - $140k,Analyst,Occasional,1.5,bachelor,Woman,
900,902,$80k - $100k,Analyst,No,7.0,bachelor,Woman,United States
901,903,$80k - $100k,Developer,No,5.0,Masters,Woman,United States
902,904,$60k - $80k,Analyst,No,1.0,PhD,Woman,United States
903,905,"Less than $20,000",Analyst,No,2.0,Masters,Woman,United States
904,906,$40k - $60k,Analyst,Occasional,1.0,PhD,Woman,United States
905,907,$40k - $60k,Designer,Occasional,2.0,Other,Woman,Canada
906,908,$160k - $180k,Developer,No,5.0,Masters,Woman,United States
907,909,$80k - $100k,Scientist,No,3.0,PhD,Woman,United States
908,910,$40k - $60k,Designer,No,1.0,bachelor,Woman,United States
909,911,"Less than $20,000",Academic,No,15.0,Masters,Woman,United States
910,912,$60k - $80k,None of these describe my role,No,8.0,Masters,Woman,Poland
911,913,$200k+,"Leadership (Manager, Director, VP, etc)",No,29.0,bachelor,Woman,United States
913,915,$40k - $60k,Analyst,No,1.0,Masters,Woman,United States
914,916,$40k - $60k,Analyst,No,5.0,Masters,Woman,Spain
915,917,$80k - $100k,Scientist,No,7.0,Masters,Woman,United States
916,918,$60k - $80k,Analyst,No,4.0,Masters,Woman,United States
917,919,$80k - $100k,"Leadership (Manager, Director, VP, etc)",No,2.0,Masters,Woman,United States
918,920,$140k - $160k,Engineer,No,7.0,bachelor,Woman,United States
919,921,$40k - $60k,Academic,No,2.0,PhD,Woman,United States
920,922,"Less than $20,000",Academic,No,10.0,PhD,Woman,Serbia
921,923,"Less than $20,000",Analyst,No,1.0,Masters,Woman,India
922,924,$80k - $100k,Analyst,No,2.0,Masters,Woman,
923,925,$120k - $140k,Academic,No,0.0,PhD,Woman,United States
924,926,$80k - $100k,Academic,No,,PhD,Woman,United States
925,927,$100k - $120k,"Leadership (Manager, Director, VP, etc)",No,2.0,Masters,Woman,United States
926,928,$100k - $120k,Academic,No,15.0,PhD,Woman,United States
927,929,$80k - $100k,Academic,No,1.0,PhD,Woman,United States
928,930,$80k - $100k,None of these describe my role,No,8.0,bachelor,Woman,United States
929,931,$60k - $80k,Analyst,No,3.0,Masters,Woman,Canada
930,932,$60k - $80k,Designer,No,5.0,Masters,Woman,Canada
931,933,$80k - $100k,Developer,No,4.0,Masters,Woman,United States
932,934,$60k - $80k,Analyst,No,2.0,PhD,Woman,United States
933,935,$60k - $80k,Analyst,No,1.0,Masters,Woman,United States
934,936,$60k - $80k,Analyst,No,2.0,bachelor,Woman,United States
935,937,$80k - $100k,Analyst,No,4.0,bachelor,Woman,United Kingdom
936,938,$60k - $80k,Analyst,No,6.0,Masters,Woman,Netherlands
937,939,$120k - $140k,"Leadership (Manager, Director, VP, etc)",No,5.0,Masters,Woman,United States
938,940,$100k - $120k,Analyst,No,4.0,Masters,Woman,United States
939,941,"Less than $20,000",Engineer,No,1.0,bachelor,Woman,Argentina
940,942,$100k - $120k,None of these describe my role,No,6.0,bachelor,Woman,United States
941,943,$80k - $100k,Developer,No,3.0,bachelor,Woman,United States
942,944,$100k - $120k,Developer,No,3.0,bachelor,Woman,United States
943,945,$60k - $80k,Developer,No,2.0,Masters,Woman,United States
944,946,$40k - $60k,Analyst,No,1.0,bachelor,Woman,United States
945,947,$60k - $80k,Designer,No,3.0,bachelor,Woman,United States
946,948,$40k - $60k,Analyst,No,1.5,Masters,Woman,United States
947,949,$40k - $60k,Analyst,No,4.0,Masters,Woman,Australia
948,950,$20k - $40k,Analyst,No,1.0,bachelor,Woman,United Kingdom
949,951,$40k - $60k,Analyst,No,4.0,Masters,Woman,France
950,952,$80k - $100k,Analyst,No,2.0,Masters,Woman,United States
951,953,$200k+,"Leadership (Manager, Director, VP, etc)",No,5.0,PhD,Woman,United States
952,954,$60k - $80k,Engineer,No,3.0,Masters,Woman,United States
953,955,$80k - $100k,Analyst,No,2.0,PhD,Woman,United States
954,956,$20k - $40k,None of these describe my role,No,2.0,Other,Woman,United States
955,957,$160k - $180k,Scientist,No,5.0,PhD,Woman,United States
956,958,$60k - $80k,Analyst,No,3.0,PhD,Woman,United States
957,959,$60k - $80k,Developer,No,5.0,bachelor,Woman,United Kingdom
958,960,$60k - $80k,None of these describe my role,No,1.0,bachelor,Woman,United States
959,961,$60k - $80k,Analyst,No,5.0,PhD,Woman,United States
960,962,$120k - $140k,Developer,No,15.0,bachelor,Woman,United States
961,963,$40k - $60k,None of these describe my role,No,0.166,bachelor,Woman,United States
962,964,$40k - $60k,Analyst,No,5.0,Masters,Woman,United States
963,965,$40k - $60k,Analyst,No,0.0,bachelor,Woman,United States
964,966,$40k - $60k,Analyst,No,2.0,bachelor,Woman,United States
965,967,$60k - $80k,Analyst,No,2.0,bachelor,Woman,
966,968,$60k - $80k,Analyst,No,8.0,bachelor,Woman,United States
967,969,$60k - $80k,Analyst,No,1.0,PhD,Woman,United States
968,970,$40k - $60k,Analyst,No,3.0,Masters,Woman,United Kingdom
969,971,$80k - $100k,Developer,No,2.0,Masters,Woman,United States
970,972,$60k - $80k,Analyst,No,3.0,Masters,Woman,Ireland
971,973,$80k - $100k,Analyst,No,3.0,bachelor,Woman,United States
972,974,$60k - $80k,Analyst,No,2.0,Masters,Woman,United States
973,975,$60k - $80k,Analyst,No,3.0,bachelor,Woman,United States
974,976,$100k - $120k,"Leadership (Manager, Director, VP, etc)",No,2.0,PhD,Woman,United States
975,977,"Less than $20,000",Analyst,No,1.0,PhD,Woman,India
976,978,$120k - $140k,Analyst,No,5.0,bachelor,Woman,United States
977,979,$60k - $80k,Analyst,No,5.0,PhD,Woman,United States
978,980,$80k - $100k,Analyst,No,2.0,Masters,Woman,United States
979,981,$40k - $60k,Analyst,No,5.0,Masters,Woman,United Kingdom
980,982,$60k - $80k,None of these describe my role,No,3.0,Masters,Woman,United States
981,983,$80k - $100k,Engineer,No,6.0,Masters,Woman,France
982,984,$80k - $100k,Engineer,No,,bachelor,Woman,United States
983,985,$40k - $60k,Analyst,No,1.0,bachelor,Woman,United States
984,986,$20k - $40k,Academic,No,6.0,PhD,Woman,Turkey
985,987,$20k - $40k,Developer,No,1.0,Masters,Woman,United Kingdom
986,988,$100k - $120k,Analyst,No,1.0,Masters,Woman,United States
987,989,"Less than $20,000",Analyst,No,3.0,Masters,Woman,
988,990,$20k - $40k,Analyst,No,3.0,bachelor,Woman,United States
989,991,"Less than $20,000",Designer,No,6.0,Masters,Woman,Kenya
990,992,$60k - $80k,Analyst,No,7.0,bachelor,Woman,United States
991,993,$40k - $60k,Scientist,No,5.0,PhD,Woman,Japan
992,994,$80k - $100k,Engineer,No,1.0,bachelor,Woman,United States
993,995,$100k - $120k,Scientist,No,5.0,Masters,Woman,Australia
994,996,$60k - $80k,Analyst,No,1.0,Masters,Woman,Canada
995,997,$60k - $80k,Scientist,No,2.0,bachelor,Woman,United States
996,998,$60k - $80k,Developer,No,1.5,bachelor,Woman,United States
997,999,$160k - $180k,Designer,No,3.0,Masters,Woman,United States
998,1000,$60k - $80k,Scientist,No,,Masters,Woman,
999,1001,$20k - $40k,Analyst,No,2.0,Masters,Woman,Thailand
1000,1002,$80k - $100k,Scientist,No,7.0,PhD,Woman,Germany
1001,1003,$20k - $40k,Analyst,No,2.0,PhD,Woman,Netherlands
1002,1004,$100k - $120k,Scientist,No,3.0,PhD,Woman,Japan
1003,1005,$60k - $80k,Designer,No,6.0,PhD,Woman,Italy
1004,1006,$80k - $100k,Analyst,No,6.0,bachelor,Woman,United States
1005,1007,$80k - $100k,Analyst,No,2.0,Masters,Woman,United States
1006,1008,$60k - $80k,Analyst,No,7.0,Other,Woman,United States
1007,1009,$60k - $80k,Analyst,No,1.5,bachelor,Woman,United States
1008,1010,$20k - $40k,Analyst,No,1.5,Other,Woman,United Kingdom
1009,1011,$140k - $160k,"Leadership (Manager, Director, VP, etc)",No,5.0,Masters,Woman,Australia
1010,1012,$60k - $80k,Analyst,No,3.0,bachelor,Woman,Australia
1011,1013,$20k - $40k,Analyst,No,1.0,PhD,Woman,Germany
1012,1014,$40k - $60k,Analyst,No,3.0,bachelor,Woman,United States
1013,1015,$100k - $120k,Developer,No,7.0,Masters,Woman,United States
1014,1016,$80k - $100k,Designer,No,1.0,bachelor,Woman,United States
1015,1017,$60k - $80k,Analyst,No,2.0,Masters,Woman,United States
1016,1018,$140k - $160k,"Leadership (Manager, Director, VP, etc)",No,8.0,Masters,Woman,United States
1017,1019,$100k - $120k,Designer,No,2.0,bachelor,Woman,United States
1018,1020,$60k - $80k,Designer,No,2.0,Masters,Woman,Canada
1019,1021,$60k - $80k,Designer,No,,bachelor,Woman,
1020,1022,$100k - $120k,Engineer,No,1.0,bachelor,Woman,United States
1021,1023,$200k+,Engineer,No,6.0,Masters,Woman,United States
1022,1024,$80k - $100k,Engineer,No,0.5,Masters,Woman,United States
1023,1025,$80k - $100k,Developer,No,1.0,Masters,Woman,United States
1024,1026,$40k - $60k,Scientist,No,0.0,bachelor,Woman,United States
1025,1027,$20k - $40k,None of these describe my role,No,1.0,Masters,Woman,France
1026,1028,"Less than $20,000",Designer,No,2.0,bachelor,Woman,Italy
1027,1029,$60k - $80k,Designer,No,3.0,Masters,Woman,United States
1028,1030,"Less than $20,000",Designer,No,3.0,Masters,Woman,Portugal
1029,1031,$20k - $40k,Developer,No,,bachelor,Woman,
1030,1032,$60k - $80k,Developer,No,3.0,bachelor,Woman,United States
1031,1033,$60k - $80k,Developer,No,3.0,Masters,Woman,France
1032,1034,$60k - $80k,Developer,No,5.0,Other,Woman,Canada
1033,1035,$60k - $80k,Developer,No,2.5,Masters,Woman,United States
1034,1036,$60k - $80k,None of these describe my role,No,2.0,Masters,Woman,United States
1035,1037,$120k - $140k,"Leadership (Manager, Director, VP, etc)",No,4.0,Masters,Woman,United States
1036,1038,$200k+,"Leadership (Manager, Director, VP, etc)",No,20.0,bachelor,Woman,
1037,1039,$60k - $80k,Analyst,No,6.0,Masters,Woman,United States
1038,1040,$200k+,"Leadership (Manager, Director, VP, etc)",No,,PhD,Woman,United States
1039,1041,$20k - $40k,Analyst,No,3.0,PhD,Woman,United Kingdom
1040,1042,"Less than $20,000",None of these describe my role,No,1.0,bachelor,Woman,United States
1041,1043,$60k - $80k,Scientist,No,2.0,bachelor,Woman,United States
1042,1044,"Less than $20,000",Designer,No,0.0,bachelor,Woman,Mexico
1044,1046,$60k - $80k,Analyst,No,7.0,Masters,Woman,United States
1045,1047,$60k - $80k,Analyst,No,4.0,PhD,Woman,United States
1046,1048,$60k - $80k,"Leadership (Manager, Director, VP, etc)",No,5.0,bachelor,Woman,United States
1047,1049,$80k - $100k,Scientist,No,15.0,PhD,Woman,United States
1048,1050,$40k - $60k,Analyst,No,2.0,Masters,Woman,United States
1049,1051,$40k - $60k,None of these describe my role,No,,bachelor,Woman,United States
1050,1052,$120k - $140k,"Leadership (Manager, Director, VP, etc)",No,10.0,bachelor,Woman,India
1051,1053,$60k - $80k,Academic,No,3.0,Masters,Woman,United States
1052,1054,$80k - $100k,Academic,No,10.0,PhD,Woman,United States
1054,1056,$80k - $100k,Developer,No,3.0,bachelor,Woman,United States
1055,1057,$40k - $60k,Analyst,No,3.0,Masters,Woman,United States
1056,1058,$40k - $60k,Analyst,No,3.0,bachelor,Woman,Canada
1057,1059,$40k - $60k,Designer,No,3.0,bachelor,Woman,United States
1058,1060,$80k - $100k,Analyst,No,6.0,bachelor,Woman,Canada
1059,1061,$80k - $100k,Analyst,No,2.0,bachelor,Woman,Australia
1060,1062,$20k - $40k,Student,No,5.0,Other,Woman,Canada
1061,1063,$20k - $40k,Student,No,5.0,Masters,Woman,United States
1062,1064,$20k - $40k,Student,No,,PhD,Woman,United States
1063,1065,$20k - $40k,Student,No,3.0,bachelor,Woman,United States
1064,1066,$20k - $40k,Scientist,No,0.0,PhD,Woman,United States
1065,1067,"Less than $20,000",Student,No,1.0,Masters,Woman,United States
1066,1068,$80k - $100k,Designer,No,10.0,bachelor,Woman,United States
1067,1069,$40k - $60k,Designer,No,,Other,Woman,Canada
1068,1070,$80k - $100k,Designer,No,3.0,Masters,Woman,United States
1069,1071,$180k - $200k,"Leadership (Manager, Director, VP, etc)",No,10.0,PhD,Woman,United States
1070,1072,$160k - $180k,"Leadership (Manager, Director, VP, etc)",No,10.0,bachelor,Woman,United States
1071,1073,$60k - $80k,"Leadership (Manager, Director, VP, etc)",No,12.0,Masters,Woman,United Kingdom
1072,1074,$40k - $60k,None of these describe my role,No,0.0,Masters,Woman,United States
1073,1075,$80k - $100k,Analyst,No,2.0,Masters,Woman,United States
1074,1076,$40k - $60k,None of these describe my role,No,20.0,bachelor,Woman,United Kingdom
1075,1077,$40k - $60k,Designer,No,2.0,Masters,Woman,United States
1076,1078,$80k - $100k,Designer,No,3.0,Masters,Woman,Canada
1077,1079,"Less than $20,000",Designer,No,0.5,Masters,Woman,India
1078,1080,$40k - $60k,Analyst,No,,Other,Woman,United Kingdom
1079,1081,$100k - $120k,Analyst,No,5.0,Masters,Woman,Australia
1080,1082,$100k - $120k,Analyst,No,8.0,bachelor,Woman,United States
1081,1083,$40k - $60k,Analyst,No,3.0,PhD,Woman,United Kingdom
1082,1084,$60k - $80k,Analyst,No,2.0,bachelor,Woman,United States
1083,1085,"Less than $20,000",Student,No,1.0,Masters,Woman,Sweden
1084,1086,$40k - $60k,Engineer,No,10.0,Other,Woman,Italy
1085,1087,$60k - $80k,None of these describe my role,No,4.0,Other,Woman,United States
1086,1088,$20k - $40k,Analyst,No,0.4,Masters,Woman,United Kingdom
1087,1089,"Less than $20,000",Analyst,No,1.0,bachelor,Woman,Mexico
1088,1090,$120k - $140k,Developer,No,4.0,Masters,Woman,United States
1089,1091,$100k - $120k,Developer,No,8.0,PhD,Woman,United States
1090,1092,$60k - $80k,Developer,No,3.0,Masters,Woman,United States
1091,1093,$80k - $100k,Academic,No,5.0,Masters,Woman,United States
1092,1094,$40k - $60k,Analyst,No,1.0,Masters,Woman,
1093,1095,"Less than $20,000",Engineer,No,0.5,Masters,Woman,Russia
1094,1096,$60k - $80k,Analyst,No,2.0,Masters,Woman,United States
1095,1097,$60k - $80k,"Leadership (Manager, Director, VP, etc)",No,3.0,Masters,Woman,United States
1096,1098,"Less than $20,000",Scientist,No,10.0,Masters,Woman,Brazil
1097,1099,$40k - $60k,Analyst,No,3.0,Masters,Woman,Germany
1098,1100,$20k - $40k,Designer,No,6.0,Masters,Woman,Italy
1099,1101,"Less than $20,000",Analyst,No,1.0,Masters,Woman,Russia
1100,1102,$20k - $40k,Designer,No,20.0,Masters,Woman,Spain
1101,1103,$140k - $160k,"Leadership (Manager, Director, VP, etc)",No,20.0,Other,Woman,United States
1102,1104,$40k - $60k,Designer,No,,Masters,Woman,United Kingdom
1103,1105,$40k - $60k,Scientist,No,10.0,Masters,Woman,United States
1104,1106,$60k - $80k,Analyst,No,4.0,Masters,Woman,United States
1105,1107,$40k - $60k,Analyst,No,20.0,bachelor,Woman,United Kingdom
1106,1108,"Less than $20,000",Academic,No,1.0,PhD,Woman,Mexico
1107,1109,$20k - $40k,Academic,No,2.0,PhD,Woman,
1108,1110,$20k - $40k,Academic,No,1.0,bachelor,Woman,United Kingdom
1109,1111,"Less than $20,000",Student,No,2.0,Masters,Woman,Argentina
1110,1112,"Less than $20,000",Student,No,5.0,bachelor,Woman,Mexico
1111,1113,$40k - $60k,Scientist,No,10.0,PhD,Woman,United States
1112,1114,$40k - $60k,Scientist,No,2.0,PhD,Woman,United States
1113,1115,$80k - $100k,Academic,No,0.0,PhD,Woman,Australia
1114,1116,"Less than $20,000",Scientist,No,4.0,PhD,Woman,Spain
1115,1117,"Less than $20,000",Student,No,0.0,Other,Woman,
1116,1118,$60k - $80k,Analyst,No,4.0,bachelor,Woman,United States
1117,1119,$180k - $200k,Analyst,No,4.0,Masters,Woman,Norway
1119,1121,$100k - $120k,Analyst,No,20.0,Masters,Woman,United States
1120,1122,$100k - $120k,Analyst,No,2.0,Masters,Woman,United States
1121,1123,$60k - $80k,Analyst,No,1.0,Masters,Woman,Ireland
1122,1124,$20k - $40k,Analyst,No,1.0,Masters,Woman,Germany
1123,1125,$100k - $120k,Designer,No,,bachelor,Woman,Canada
1124,1126,$40k - $60k,Designer,No,5.0,Masters,Woman,Spain
1125,1127,$140k - $160k,"Leadership (Manager, Director, VP, etc)",No,0.0,bachelor,Woman,United States
1126,1128,$200k+,Academic,No,30.0,PhD,Woman,United States
1127,1129,$200k+,Academic,No,28.0,PhD,Woman,Canada
1128,1130,$80k - $100k,"Leadership (Manager, Director, VP, etc)",No,15.0,Masters,Woman,United States
1129,1131,$60k - $80k,None of these describe my role,No,15.0,PhD,Woman,United States
1130,1132,$20k - $40k,Analyst,No,1.5,Masters,Woman,United States
1131,1133,$40k - $60k,"Leadership (Manager, Director, VP, etc)",No,0.0,Masters,Woman,United States
1132,1134,$120k - $140k,"Leadership (Manager, Director, VP, etc)",No,,Other,Woman,United States
1133,1135,$60k - $80k,Analyst,No,2.0,Masters,Woman,United States
1134,1136,$40k - $60k,Analyst,No,4.0,bachelor,Woman,United States
1136,1138,$20k - $40k,Analyst,No,,bachelor,Woman,United Kingdom
1137,1139,$60k - $80k,Developer,No,15.0,Masters,Woman,United States
1138,1140,$20k - $40k,Analyst,No,4.0,Masters,Woman,Turkey
1139,1141,$40k - $60k,Analyst,No,3.0,Masters,Woman,United States
1140,1142,$40k - $60k,Analyst,No,2.0,Masters,Woman,United States
1141,1143,$40k - $60k,Analyst,No,2.0,bachelor,Woman,United States
1142,1144,$80k - $100k,Analyst,No,2.0,Masters,Woman,United States
1143,1145,$60k - $80k,Academic,No,2.0,Masters,Woman,United States
1144,1146,$40k - $60k,None of these describe my role,No,2.0,Masters,Woman,United States
1145,1147,$80k - $100k,Scientist,No,3.0,PhD,Woman,United States
1146,1148,$40k - $60k,Academic,No,1.0,Masters,Woman,Germany
1147,1149,$20k - $40k,Scientist,No,1.5,PhD,Woman,Germany
1148,1150,$40k - $60k,Scientist,No,2.0,bachelor,Woman,United States
1149,1151,$60k - $80k,Scientist,No,15.0,PhD,Woman,United States
1150,1152,$60k - $80k,Scientist,No,5.0,Masters,Woman,Canada
1151,1153,$40k - $60k,Analyst,No,5.0,Masters,Woman,United States
1152,1154,$60k - $80k,Analyst,No,3.0,Masters,Woman,United States
1153,1155,$60k - $80k,Academic,No,6.0,PhD,Woman,Norway
1154,1156,$60k - $80k,Scientist,No,12.0,PhD,Woman,United States
1155,1157,$20k - $40k,Scientist,No,3.0,Masters,Woman,Spain
1156,1158,$20k - $40k,Scientist,No,3.0,bachelor,Woman,Madagascar
1157,1159,$20k - $40k,Scientist,No,3.0,PhD,Woman,France
1158,1160,"Less than $20,000",Academic,No,2.0,Masters,Woman,Portugal
1159,1161,$40k - $60k,Analyst,No,1.0,Masters,Woman,United States
1160,1162,$100k - $120k,Academic,No,2.0,Masters,Woman,India
1161,1163,$20k - $40k,Analyst,No,10.0,Masters,Woman,United States
1162,1164,$80k - $100k,Analyst,No,0.0,Masters,Woman,Canada
1163,1165,$40k - $60k,Scientist,No,15.0,Masters,Woman,Germany
1164,1166,$60k - $80k,Scientist,No,,Masters,Woman,
1165,1167,$60k - $80k,Analyst,No,2.0,Masters,Woman,United States
1166,1168,$40k - $60k,Analyst,No,3.0,bachelor,Woman,United States
1167,1169,$80k - $100k,Analyst,No,1.0,Other,Woman,Australia
1168,1170,$40k - $60k,Analyst,No,2.5,Masters,Woman,United Kingdom
1169,1171,$80k - $100k,Analyst,No,11.0,bachelor,Woman,Singapore
1170,1172,$40k - $60k,Analyst,No,,Masters,Woman,United Kingdom
1171,1173,$100k - $120k,Designer,No,5.0,Other,Woman,United States
1172,1174,$200k+,Developer,No,16.0,PhD,Woman,United States
1173,1175,$80k - $100k,Designer,No,4.0,Masters,Woman,United States
1174,1176,$100k - $120k,Designer,No,1.5,PhD,Woman,United States
1175,1177,$120k - $140k,Engineer,No,7.0,bachelor,Woman,United States
1176,1178,$140k - $160k,Developer,No,5.0,Other,Woman,United States
1177,1179,$80k - $100k,Analyst,No,3.0,Masters,Woman,United States
1178,1180,$20k - $40k,Analyst,No,6.0,bachelor,Woman,United Kingdom
1179,1181,$40k - $60k,Analyst,No,5.0,Masters,Woman,United Kingdom
1180,1182,$120k - $140k,Designer,No,2.0,PhD,Woman,United States
1181,1183,"Less than $20,000",None of these describe my role,No,0.0,Masters,Woman,Poland
1182,1184,$20k - $40k,"Leadership (Manager, Director, VP, etc)",No,10.0,Masters,Woman,Argentina
1183,1185,$60k - $80k,Analyst,No,2.0,Masters,Woman,
1184,1186,$60k - $80k,None of these describe my role,No,6.0,Masters,Woman,United States
1185,1187,$60k - $80k,Scientist,No,0.3,PhD,Woman,Norway
1186,1188,$120k - $140k,Analyst,No,9.0,PhD,Woman,United States
1187,1189,$60k - $80k,Designer,No,3.0,bachelor,Woman,United States
1188,1190,$100k - $120k,Designer,No,25.0,bachelor,Woman,United States
1189,1191,$60k - $80k,Developer,No,2.0,Other,Woman,United States
1190,1192,$80k - $100k,Developer,No,0.0,bachelor,Woman,United States
1191,1193,$40k - $60k,Engineer,No,4.0,Masters,Woman,Qatar
1192,1194,$20k - $40k,Engineer,No,1.0,Masters,Woman,France
1193,1195,$140k - $160k,Engineer,No,5.0,PhD,Woman,United States
1194,1196,$80k - $100k,Scientist,No,5.0,bachelor,Woman,Australia
1195,1197,$120k - $140k,Analyst,No,1.0,Masters,Woman,United States
1196,1198,$60k - $80k,Developer,No,6.0,bachelor,Woman,United States
1197,1199,$200k+,Analyst,No,2.0,bachelor,Woman,United States
1198,1200,$100k - $120k,None of these describe my role,No,3.0,Masters,Woman,United States
1199,1201,$20k - $40k,Analyst,No,3.0,bachelor,Woman,United Kingdom
1200,1202,"Less than $20,000",Student,No,1.0,bachelor,Woman,United Kingdom
1201,1203,"Less than $20,000",Student,No,1.0,bachelor,Woman,Austria
1202,1204,"Less than $20,000",Student,No,0.0,bachelor,Woman,Russia
1204,1206,"Less than $20,000","Leadership (Manager, Director, VP, etc)",No,1.0,bachelor,Woman,United Kingdom
1205,1207,$100k - $120k,Designer,No,2.0,bachelor,Woman,South Africa
1206,1208,$60k - $80k,Analyst,No,3.0,Masters,Woman,United States
1207,1209,$60k - $80k,Analyst,No,3.0,bachelor,Woman,United States
1208,1210,$100k - $120k,Developer,No,6.0,bachelor,Woman,United States
1209,1211,$80k - $100k,Analyst,No,5.0,Masters,Woman,United States
1210,1212,"Less than $20,000",None of these describe my role,No,,Masters,Woman,United States
1212,1214,$80k - $100k,Analyst,No,3.0,Masters,Woman,United States
1214,1216,$60k - $80k,Designer,No,2.0,bachelor,Woman,United States
1215,1217,$120k - $140k,Developer,No,7.0,bachelor,Woman,United States
1216,1218,$140k - $160k,"Leadership (Manager, Director, VP, etc)",No,10.0,Masters,Woman,United States
1217,1219,$140k - $160k,"Leadership (Manager, Director, VP, etc)",No,20.0,Masters,Woman,Canada
1218,1220,$60k - $80k,None of these describe my role,No,3.0,Masters,Woman,United States
1219,1221,$80k - $100k,None of these describe my role,No,3.0,PhD,Woman,Australia
1220,1222,$40k - $60k,Developer,No,1.0,bachelor,Woman,United States
1221,1223,$80k - $100k,None of these describe my role,No,2.0,PhD,Woman,United States
1223,1225,"Less than $20,000",Academic,No,0.5,Masters,Woman,Philippines
1224,1226,$200k+,Engineer,No,5.0,bachelor,Woman,United States
1225,1227,$20k - $40k,Analyst,No,1.0,Masters,Woman,France
1226,1228,$60k - $80k,Academic,No,3.0,Masters,Woman,United States
1227,1230,$60k - $80k,Analyst,No,2.0,bachelor,Woman,Canada
1228,1231,$60k - $80k,"Leadership (Manager, Director, VP, etc)",No,5.0,Masters,Woman,United States
1229,1232,$180k - $200k,Analyst,No,,bachelor,Woman,United States
1230,1233,$60k - $80k,Designer,No,4.0,bachelor,Woman,United States
1231,1234,$120k - $140k,Analyst,No,,Masters,Woman,United States
1232,1235,$100k - $120k,"Leadership (Manager, Director, VP, etc)",No,25.0,bachelor,Woman,Canada
1233,1236,$80k - $100k,Developer,No,4.0,Masters,Woman,United States
1234,1237,$120k - $140k,Designer,No,6.0,bachelor,Woman,United States
1235,1238,$20k - $40k,"Leadership (Manager, Director, VP, etc)",No,15.0,bachelor,Woman,Mexico
1236,1239,$100k - $120k,None of these describe my role,No,15.0,bachelor,Woman,Australia
1237,1240,$20k - $40k,Analyst,No,2.0,bachelor,Woman,United States
1238,1241,$60k - $80k,Analyst,No,4.0,Masters,Woman,United States
1239,1242,$40k - $60k,Analyst,No,2.0,Masters,Woman,United States
1240,1243,"Less than $20,000",Scientist,No,1.0,PhD,Woman,Switzerland
1241,1244,$40k - $60k,Analyst,No,4.0,PhD,Woman,South Africa
1242,1245,$20k - $40k,None of these describe my role,Yes,3.0,PhD,Woman,Spain
1243,1246,$40k - $60k,Academic,Yes,6.0,PhD,Woman,United States
1244,1247,$140k - $160k,"Leadership (Manager, Director, VP, etc)",Yes,9.0,Masters,Woman,India
1245,1248,$60k - $80k,"Leadership (Manager, Director, VP, etc)",Yes,25.0,Other,Woman,United States
1246,1249,$40k - $60k,Analyst,Yes,2.0,bachelor,Woman,Germany
1248,1251,"Less than $20,000",Student,Yes,1.0,Other,Woman,Germany
1249,1252,$80k - $100k,Analyst,Yes,6.0,Masters,Woman,United States
1250,1253,"Less than $20,000",Analyst,Yes,1.0,Masters,Woman,Pakistan
1252,1255,$20k - $40k,Analyst,Yes,,Masters,Woman,Poland
1253,1256,$20k - $40k,Designer,Yes,3.0,bachelor,Woman,United Kingdom
1254,1257,$140k - $160k,Analyst,Yes,7.0,bachelor,Woman,
1255,1258,$120k - $140k,Analyst,Yes,7.0,PhD,Woman,United States
1256,1259,$40k - $60k,Analyst,Yes,,Masters,Woman,
1257,1260,$40k - $60k,Analyst,Yes,1.0,Masters,Woman,United States
1258,1261,"Less than $20,000",None of these describe my role,Yes,3.0,Masters,Woman,India
1259,1262,$20k - $40k,Analyst,Yes,5.0,Masters,Woman,Italy
1260,1263,$20k - $40k,Scientist,Yes,1.5,Masters,Woman,United Kingdom
1262,1265,$100k - $120k,None of these describe my role,Yes,4.0,Masters,Woman,Netherlands
1263,1266,"Less than $20,000",Analyst,Yes,1.5,Masters,Woman,France
1264,1267,$120k - $140k,Developer,Yes,6.0,Other,Woman,United States
1265,1268,$20k - $40k,None of these describe my role,Yes,6.0,bachelor,Woman,Spain
1266,1269,$180k - $200k,Analyst,Yes,2.0,Masters,Woman,United States
1267,1270,$200k+,Designer,Yes,20.0,bachelor,Woman,United States
1268,1271,$40k - $60k,Designer,Yes,1.0,Masters,Woman,Finland
1269,1272,$20k - $40k,Developer,Yes,1.0,Masters,Woman,United Kingdom
1270,1273,$40k - $60k,Analyst,Yes,2.0,Masters,Woman,Switzerland
1271,1274,$80k - $100k,"Leadership (Manager, Director, VP, etc)",Yes,3.0,PhD,Woman,United States
1272,1275,$20k - $40k,Analyst,Yes,2.0,PhD,Woman,Egypt
1273,1276,$40k - $60k,Analyst,Yes,1.0,Masters,Woman,United States
1274,1277,$60k - $80k,"Leadership (Manager, Director, VP, etc)",Yes,3.0,Masters,Woman,Canada
1275,1278,$200k+,"Leadership (Manager, Director, VP, etc)",Yes,15.0,Masters,Woman,United States
1276,1279,$40k - $60k,Designer,Yes,15.0,bachelor,Woman,United States
1277,1280,$40k - $60k,Developer,Yes,2.0,Masters,Woman,United States
1278,1281,"Less than $20,000",Designer,Yes,0.0,Masters,Woman,Germany
1279,1282,"Less than $20,000",Student,Yes,1.0,Masters,Woman,United States
1280,1283,"Less than $20,000",Designer,Yes,3.0,bachelor,Woman,Belarus
1281,1284,$80k - $100k,"Leadership (Manager, Director, VP, etc)",Yes,2.0,Masters,Woman,Australia
1282,1285,$40k - $60k,None of these describe my role,Yes,1.0,bachelor,Woman,United States
1283,1286,"Less than $20,000",Designer,Yes,1.0,bachelor,Woman,Italy
1284,1287,"Less than $20,000",Designer,Yes,1.0,bachelor,Woman,Austria
1285,1288,"Less than $20,000",Designer,Yes,2.0,Masters,Woman,Mexico
1286,1289,$40k - $60k,Designer,Yes,4.0,PhD,Woman,
1287,1290,"Less than $20,000",None of these describe my role,Yes,2.0,bachelor,Woman,Venezuela
1288,1291,$20k - $40k,None of these describe my role,Yes,10.0,PhD,Woman,Belgium
1289,1292,$40k - $60k,Analyst,Yes,3.0,bachelor,Woman,Singapore
1290,1293,$80k - $100k,"Leadership (Manager, Director, VP, etc)",Yes,4.0,Masters,Woman,South Africa
1291,1294,$200k+,None of these describe my role,Yes,5.0,Masters,Woman,
1292,1295,$20k - $40k,Academic,Yes,0.0,PhD,Woman,United States
1293,1296,$120k - $140k,Designer,Yes,10.0,bachelor,Woman,United States
1294,1297,"Less than $20,000",Analyst,Yes,3.0,Masters,Woman,United States
1295,1298,$160k - $180k,Scientist,Yes,5.0,PhD,Woman,United States
1296,1299,$200k+,Academic,Yes,25.0,PhD,Woman,United States
1297,1300,$80k - $100k,Analyst,Yes,3.0,Masters,Woman,United States
1298,1301,$80k - $100k,Academic,Yes,1.0,PhD,Woman,Poland
1299,1302,$60k - $80k,None of these describe my role,Yes,3.0,PhD,Woman,Canada
1300,1303,$100k - $120k,Analyst,Yes,4.0,Masters,Woman,United States
1301,1304,$120k - $140k,Analyst,Yes,11.0,bachelor,Woman,United States
1302,1305,$100k - $120k,Developer,Yes,2.0,bachelor,Woman,United States
1303,1306,$140k - $160k,"Leadership (Manager, Director, VP, etc)",Yes,7.0,bachelor,Woman,United States
1304,1307,$120k - $140k,Analyst,Yes,12.0,bachelor,Woman,United States
1305,1308,$20k - $40k,Academic,Yes,7.0,PhD,Woman,United States
1306,1309,"Less than $20,000",Student,Yes,0.0,Masters,Woman,United States
1307,1310,$60k - $80k,Academic,Yes,3.0,Masters,Woman,United States
1308,1311,$100k - $120k,Analyst,Yes,5.0,Masters,Woman,United States
1309,1312,$20k - $40k,Designer,Yes,3.0,Other,Woman,Spain
1310,1313,$100k - $120k,Analyst,Yes,7.0,PhD,Woman,United States
1313,1316,$20k - $40k,Developer,Yes,,Other,Woman,
1314,1317,$40k - $60k,"Leadership (Manager, Director, VP, etc)",Yes,0.5,bachelor,Woman,United States
1315,1318,$100k - $120k,Designer,Yes,11.0,Masters,Woman,Germany
1317,1320,"Less than $20,000",None of these describe my role,Yes,2.0,bachelor,Woman,Canada
1318,1321,$140k - $160k,Scientist,Yes,,PhD,Woman,
1319,1322,$140k - $160k,Designer,Yes,8.0,Other,Woman,Israel
1321,1324,"Less than $20,000",Analyst,Yes,,Masters,Woman,
1322,1325,$80k - $100k,Academic,No,9.0,PhD,Woman,United States
1323,1326,$40k - $60k,None of these describe my role,Occasional,2.0,Masters,Woman,United States
1324,1327,$80k - $100k,Designer,Unclear,2.0,Masters,Woman,United States
1325,1328,$160k - $180k,Freelancer,Unclear,5.0,bachelor,Woman,United States
1326,1329,$40k - $60k,Academic,Unclear,,Masters,Woman,
1327,1330,$80k - $100k,Designer,No,8.0,Masters,Other,Canada
1329,1332,$80k - $100k,Analyst,No,3.0,Masters,Other,United States
1330,1333,$140k - $160k,Analyst,Occasional,,bachelor,Other,
1331,1334,"Less than $20,000",Analyst,No,,Other,Other,
1332,1335,$60k - $80k,Analyst,No,7.0,Masters,Other,United States
1333,1336,$80k - $100k,Scientist,No,,Other,Other,
1334,1337,$40k - $60k,Analyst,No,,Other,Other,
1335,1338,$100k - $120k,Analyst,No,,Other,Other,
1336,1339,$140k - $160k,None of these describe my role,No,,Other,Other,
1337,1340,$60k - $80k,Engineer,No,2.0,bachelor,Other,
1339,1342,$140k - $160k,"Leadership (Manager, Director, VP, etc)",No,10.0,bachelor,Other,United States
1340,1343,"Less than $20,000",Scientist,No,12.0,Masters,Other,Argentina
1341,1344,$200k+,Engineer,No,,bachelor,Other,
1342,1345,"Less than $20,000",Scientist,No,1.0,PhD,Other,Brazil
1343,1346,$80k - $100k,Designer,No,,Other,Other,
1345,1348,$80k - $100k,Engineer,No,,Other,Other,
1346,1349,$20k - $40k,Academic,No,0.0,Masters,Other,
1347,1350,$40k - $60k,Analyst,No,,Other,Other,
1349,1352,$200k+,Engineer,No,,Other,Other,
1350,1353,$80k - $100k,Analyst,No,,Other,Other,
1351,1354,$60k - $80k,Developer,Yes,7.0,Masters,Other,United Kingdom
1352,1355,$60k - $80k,Student,Yes,2.0,PhD,Other,Mexico
1353,1356,$40k - $60k,Academic,Yes,8.0,PhD,Other,
1354,1357,$60k - $80k,"Leadership (Manager, Director, VP, etc)",Yes,4.0,Masters,Other,United States
1356,1359,$20k - $40k,Engineer,Yes,,Other,Other,
